timestamp,soc,screen_on,brightness_raw,cpu_load_raw,x_net,t_env
0.0,81.0,1.0,12.0,9.587148683333334,0.0,298.15
1.0,81.0,1.0,12.0,11.635101058333332,0.0,298.15
2.0,81.0,1.0,12.0,9.686838791666666,0.0,298.15
3.0,81.0,1.0,12.0,7.077723618181818,0.0,298.15
4.0,81.0,1.0,12.0,9.7539157,0.0,298.15
5.0,81.0,1.0,12.0,14.668881558333334,0.0,298.15
6.0,81.0,1.0,12.0,14.667248272727273,0.0,298.15
7.0,81.0,1.0,12.0,13.388077783333337,0.0,298.15
8.0,81.0,1.0,12.0,3.924851291666666,0.0,298.15
9.0,81.0,1.0,12.0,11.030961836363636,0.0,298.15
10.0,81.0,1.0,12.0,7.903775725,0.0,298.15
11.0,80.16666666666667,1.0,12.0,8.300084141666666,0.0,298.15
12.0,80.0,1.0,12.0,8.037675908333332,0.0,298.15
13.0,80.0,1.0,12.0,12.554515483333333,0.0,298.15
14.0,80.0,1.0,12.0,15.248299627272727,228.0,298.15
15.0,80.0,1.0,12.0,15.714295341666665,36896.240000000405,298.15
16.0,80.0,1.0,12.0,7.32882275,0.0,298.15
17.0,80.0,1.0,12.0,4.836160591666666,0.0,298.15
18.0,80.0,1.0,12.0,23.649990154545456,0.0,298.15
19.0,80.0,1.0,12.0,20.95054945833333,0.0,298.15
20.0,80.0,1.0,12.0,10.667581941666668,0.0,298.15
21.0,80.0,1.0,12.0,10.044664445454544,0.0,298.15
22.0,80.0,1.0,12.0,19.18827185,0.0,298.15
23.0,80.0,1.0,12.0,15.006294475,0.0,298.15
24.0,80.0,1.0,12.0,14.551946233333332,0.0,298.15
25.0,80.0,1.0,12.0,8.422111554545454,0.0,298.15
26.0,80.0,1.0,12.0,14.570717758333332,0.0,298.15
27.0,80.0,1.0,12.0,19.219738808333336,280.0,298.15
28.0,80.0,1.0,12.0,5.808077433333334,0.0,298.15
29.0,80.0,1.0,12.0,8.655335954545455,0.0,298.15
30.0,80.0,1.0,12.0,8.138392766666668,0.0,298.15
31.0,80.0,1.0,12.0,12.473889533333336,96.0,298.15
32.0,80.0,1.0,12.0,17.805657333333333,286.0,298.15
33.0,80.0,1.0,12.0,5.8750807636363644,0.0,298.15
34.0,80.0,1.0,12.0,3.72870045,0.0,298.15
35.0,80.0,1.0,12.0,4.448377724999999,844.0,298.15
36.0,80.0,1.0,12.0,13.714114108333334,0.0,298.15
37.0,80.0,1.0,12.0,15.832181927272728,0.0,298.15
38.0,80.0,1.0,12.0,4.9192814,0.0,298.15
39.0,80.0,1.0,12.0,5.25395545,52.0,298.15
40.0,80.0,1.0,12.0,6.762684225,816.0,298.15
41.0,80.0,1.0,12.0,13.995023881818184,0.0,298.15
42.0,79.83333333333333,1.0,12.0,11.801914483333334,0.0,298.15
43.0,79.0,1.0,12.0,3.5335053363636364,0.0,298.15
44.0,79.0,1.0,12.0,6.246513816666667,0.0,298.15
45.0,79.0,1.0,12.0,9.806224118181818,0.0,298.15
46.0,79.0,1.0,12.0,16.157695858333334,0.0,298.15
47.0,79.0,1.0,12.0,17.825879775,0.0,298.15
48.0,79.0,1.0,12.0,9.149320775,0.0,298.15
49.0,79.0,1.0,12.0,17.3255351,0.0,298.15
50.0,79.0,1.0,12.0,12.311524618181815,0.0,298.15
51.0,79.0,1.0,12.0,14.23890305,0.0,298.15
52.0,79.0,1.0,12.0,10.380586433333333,0.0,298.15
53.0,79.0,1.0,12.0,6.320886009090909,0.0,298.15
54.0,79.0,1.0,12.0,4.7185909666666666,0.0,298.15
55.0,79.0,1.0,12.0,25.71733045,83.0,298.15
56.0,79.0,1.0,12.0,14.185950875,60.0,298.15
57.0,79.0,1.0,12.0,2.643536472727273,0.0,298.15
58.0,79.0,1.0,12.0,7.938551125,0.0,298.15
59.0,79.0,1.0,12.0,15.006838566666666,0.0,298.15
60.0,79.0,1.0,12.0,15.466544366666668,10286.0,298.15
61.0,79.0,1.0,12.0,9.804387127272728,0.0,298.15
62.0,79.0,1.0,12.0,6.414584366666667,0.0,298.15
63.0,78.5,1.0,12.0,9.450329541666669,0.0,298.15
64.0,78.0,1.0,12.0,10.717787716666663,104.0,298.15
65.0,78.0,1.0,12.0,17.031723036363637,0.0,298.15
66.0,78.0,1.0,12.0,18.857629133333333,0.0,298.15
67.0,78.0,1.0,12.0,6.899434141666667,0.0,298.15
68.0,78.0,1.0,12.0,7.711641533333334,0.0,298.15
69.0,78.0,1.0,12.0,7.126655800000001,0.0,298.15
70.0,78.0,1.0,12.0,15.162141054545456,0.0,298.15
71.0,78.0,1.0,12.0,10.64174745,0.0,298.15
72.0,78.0,1.0,12.0,10.9928518,0.0,298.15
73.0,78.0,1.0,12.0,8.780170818181817,96.0,298.15
74.0,78.0,1.0,12.0,10.854943625,0.0,298.15
75.0,78.0,1.0,12.0,8.811895508333334,0.0,298.15
76.0,78.0,1.0,12.0,9.444749483333334,0.0,298.15
77.0,78.0,1.0,12.0,12.032022972727274,0.0,298.15
78.0,78.0,1.0,12.0,10.4290823,0.0,298.15
79.0,78.0,1.0,12.0,13.9287212,0.0,298.15
80.0,78.0,1.0,12.0,3.285332275,0.0,298.15
81.0,78.0,1.0,12.0,7.923581727272727,0.0,298.15
82.0,78.0,1.0,12.0,11.487416708333337,40.0,298.15
83.0,77.66666666666667,1.0,12.0,14.827208133333334,2937.0,298.15
84.0,77.0,1.0,12.0,20.699271125,0.0,298.15
85.0,77.0,1.0,12.0,4.775791209090909,0.0,298.15
86.0,77.0,1.0,12.0,5.153292725,0.0,298.15
87.0,77.0,1.0,12.0,8.978417125,0.0,298.15
88.0,77.0,1.0,12.0,18.347137725,0.0,298.15
89.0,77.0,1.0,12.0,6.722754963636363,0.0,298.15
90.0,77.0,1.0,12.0,9.994372858333334,0.0,298.15
91.0,77.0,1.0,12.0,9.830711491666667,0.0,298.15
92.0,77.0,1.0,12.0,13.36657995,0.0,298.15
93.0,77.0,1.0,12.0,17.602487572727274,0.0,298.15
94.0,77.0,1.0,12.0,12.394844916666663,0.0,298.15
95.0,77.0,1.0,12.0,7.170969416666666,0.0,298.15
96.0,77.0,1.0,12.0,11.059444454545456,28.0,298.15
97.0,77.0,1.0,12.0,12.652858133333332,0.0,298.15
98.0,77.0,1.0,12.0,5.870153575,940.0,298.15
99.0,77.0,1.0,12.0,11.422369991666663,0.0,298.15
100.0,77.0,1.0,12.0,11.370818958333333,0.0,298.15
101.0,77.0,1.0,12.0,13.06182978181818,0.0,298.15
102.0,76.75,1.0,12.0,19.091582066666668,0.0,298.15
103.0,76.0,1.0,12.0,7.017921741666666,0.0,298.15
104.0,76.0,1.0,12.0,8.866731845454545,0.0,298.15
105.0,76.0,1.0,12.0,10.123549383333334,0.0,298.15
106.0,76.0,1.0,12.0,23.04229845833333,0.0,298.15
107.0,76.0,1.0,12.0,11.033794375,0.0,298.15
108.0,76.0,1.0,12.0,10.492773736363636,0.0,298.15
109.0,76.0,1.0,12.0,11.731951441666666,0.0,298.15
110.0,76.0,1.0,12.0,14.000431191666664,0.0,298.15
111.0,76.0,1.0,12.0,13.240519891666668,0.0,298.15
112.0,76.0,1.0,12.0,11.933234227272726,0.0,298.15
113.0,76.0,1.0,12.0,4.480055433333333,0.0,298.15
114.0,76.0,1.0,12.0,12.455642716666668,0.0,298.15
115.0,76.0,1.0,12.0,19.41514406363636,439.0,298.15
116.0,76.0,1.0,12.0,7.5779425666666675,0.0,298.15
117.0,76.0,1.0,12.0,12.475247975,96.0,298.15
118.0,76.0,1.0,12.0,13.1467467,0.0,298.15
119.0,76.0,1.0,12.0,9.02107562,0.0,298.15
120.0,76.0,1.0,12.0,13.9085123,0.0,298.15
121.0,75.91666666666667,1.0,12.0,5.686306583333334,0.0,298.15
122.0,75.0,1.0,12.0,7.970189025,0.0,298.15
123.0,75.0,1.0,12.0,20.117061266666667,0.0,298.15
124.0,75.0,1.0,12.0,16.346219454545455,41627.0,298.15
125.0,75.0,1.0,12.0,11.275032216666666,0.0,298.15
126.0,75.0,1.0,12.0,6.023273033333333,0.0,298.15
127.0,75.0,1.0,12.0,9.107506483333331,0.0,298.15
128.0,75.0,1.0,12.0,13.720000263636363,104.0,298.15
129.0,75.0,1.0,12.0,7.789257225,0.0,298.15
130.0,75.0,1.0,12.0,5.834909491666667,0.0,298.15
131.0,75.0,1.0,12.0,4.854266108333333,0.0,298.15
132.0,75.0,1.0,12.0,9.685569609090908,0.0,298.15
133.0,75.0,1.0,12.0,19.099112283333334,0.0,298.15
134.0,75.0,1.0,12.0,14.205724066666669,0.0,298.15
135.0,75.0,1.0,12.0,8.194679283333334,0.0,298.15
136.0,75.0,1.0,12.0,9.998496445454547,0.0,298.15
137.0,75.0,1.0,12.0,7.5329933,0.0,298.15
138.0,75.0,1.0,12.0,6.637766725,0.0,298.15
139.0,75.0,1.0,12.0,6.55867245,0.0,298.15
140.0,75.0,1.0,12.0,13.707916972727274,28.0,298.15
141.0,74.16666666666667,1.0,12.0,13.233062491666669,0.0,298.15
142.0,74.0,1.0,12.0,16.330423325,0.0,298.15
143.0,74.0,1.0,12.0,7.982216754545454,0.0,298.15
144.0,74.0,1.0,12.0,9.13733285,0.0,298.15
145.0,74.0,1.0,12.0,19.738901058333333,0.0,298.15
146.0,74.0,1.0,12.0,16.462591491666668,0.0,298.15
147.0,74.0,1.0,12.0,8.003405341666667,0.0,298.15
148.0,74.0,1.0,12.0,10.61591428181818,0.0,298.15
149.0,74.0,1.0,12.0,4.466275583333334,0.0,298.15
150.0,74.0,1.0,12.0,10.158993858333334,0.0,298.15
151.0,74.0,1.0,12.0,15.159579254545452,0.0,298.15
152.0,74.0,1.0,12.0,15.112847083333332,46444.0,298.15
153.0,74.0,1.0,12.0,12.744739441666669,0.0,298.15
154.0,74.0,1.0,12.0,8.598055875,0.0,298.15
155.0,74.0,1.0,12.0,27.08627950909091,0.0,298.15
156.0,74.0,1.0,12.0,12.777656916666666,920.0,298.15
157.0,74.0,1.0,12.0,12.298419641666667,0.0,298.15
158.0,74.0,1.0,12.0,6.586297483333333,0.0,298.15
159.0,74.0,1.0,12.0,10.573522027272729,0.0,298.15
160.0,73.83333333333333,1.0,12.0,28.31583795,0.0,298.15
161.0,73.0,0.0,0.0,14.553362616666668,28.0,298.15
162.0,73.0,0.0,0.0,6.359153609090909,0.0,298.15
163.0,73.0,0.0,0.0,10.7226315,0.0,298.15
164.0,73.0,1.0,12.0,18.94602063636364,57696.0,298.15
165.0,73.0,1.0,12.0,15.506215141666669,0.0,298.15
166.0,73.91666666666667,1.0,12.0,3.8618451083333327,0.0,298.15
167.0,74.0,0.0,0.0,12.082681808333334,0.0,298.15
168.0,75.0,0.0,0.0,5.297012354545455,0.0,298.15
169.0,75.25,0.0,0.0,11.886763891666668,0.0,298.15
170.0,76.0,0.0,0.0,14.4233872,0.0,298.15
171.0,76.41666666666667,0.0,0.0,8.5068385,0.0,298.15
172.0,77.0,0.0,0.0,10.10408755,0.0,298.15
173.0,77.58333333333333,0.0,0.0,6.193814475,0.0,298.15
174.0,78.0,0.0,0.0,5.204518881818182,0.0,298.15
175.0,78.58333333333333,0.0,0.0,8.843574158333334,0.0,298.15
176.0,79.0,0.0,0.0,12.985720475,0.0,298.15
177.0,79.58333333333333,0.0,0.0,14.981096466666664,1915.0,298.15
178.0,80.0,0.0,0.0,15.333127691666666,0.0,298.15
179.0,80.36363636363636,0.0,0.0,13.899991718181816,3036.0,298.15
180.0,81.0,0.0,0.0,11.407532875,0.0,298.15
181.0,81.08333333333333,0.0,0.0,5.2675866000000005,0.0,298.15
182.0,82.0,0.0,0.0,12.865485066666666,124.0,298.15
183.0,82.0,0.0,0.0,15.716251391666669,900.0,298.15
184.0,82.9090909090909,0.0,0.0,6.841501890909091,0.0,298.15
185.0,83.0,0.0,0.0,9.01709685,0.0,298.15
186.0,83.33333333333333,0.0,0.0,20.10929883333333,0.0,298.15
187.0,84.0,0.0,0.0,8.644228341666667,0.0,298.15
188.0,84.0,0.0,0.0,7.182502316666667,0.0,298.15
189.0,84.66666666666667,0.0,0.0,13.56297545,0.0,298.15
190.0,85.0,0.0,0.0,17.849677563636362,0.0,298.15
191.0,85.08333333333333,0.0,0.0,5.95183925,0.0,298.15
192.0,86.0,0.0,0.0,6.419842708333333,0.0,298.15
193.0,86.0,0.0,0.0,5.272078475,0.0,298.15
194.0,86.0,0.0,0.0,17.968534881818183,333.0,298.15
195.0,87.0,0.0,0.0,17.270940575,0.0,298.15
196.0,87.0,0.0,0.0,4.57615475,0.0,298.15
197.0,87.0,0.0,0.0,17.705378466666666,267179.84000000596,298.15
198.0,87.75,0.0,0.0,14.816528591666668,0.0,298.15
199.0,88.0,0.0,0.0,10.61050251818182,0.0,298.15
200.0,88.0,0.0,0.0,8.182224849999999,0.0,298.15
201.0,88.41666666666667,0.0,0.0,6.64327385,260.0,298.15
202.0,89.0,0.0,0.0,8.72331955,0.0,298.15
203.0,89.0,0.0,0.0,8.381652641666667,844.0,298.15
204.0,89.41666666666667,0.0,0.0,5.983952208333334,0.0,298.15
205.0,90.0,0.0,0.0,10.21024161818182,0.0,298.15
206.0,90.0,0.0,0.0,14.101256383333334,0.0,298.15
207.0,90.0,0.0,0.0,7.572725633333333,0.0,298.15
208.0,90.5,0.0,0.0,6.037989816666666,0.0,298.15
209.0,91.0,0.0,0.0,15.321634327272726,0.0,298.15
210.0,91.0,0.0,0.0,17.346684258333333,0.0,298.15
211.0,91.0,0.0,0.0,3.361734391666667,0.0,298.15
212.0,91.58333333333331,0.0,0.0,8.836329333333333,0.0,298.15
213.0,92.0,0.0,0.0,4.495510958333333,0.0,298.15
214.0,92.0,0.0,0.0,4.977372616666666,0.0,298.15
215.0,92.0,0.0,0.0,4.337722809090909,0.0,298.15
216.0,92.75,0.0,0.0,8.299045675,0.0,298.15
217.0,93.0,0.0,0.0,19.75592775833333,0.0,298.15
218.0,93.0,0.0,0.0,9.502342066666666,0.0,298.15
219.0,93.0,0.0,0.0,10.982935441666667,0.0,298.15
220.0,93.63636363636364,0.0,0.0,5.004843190909091,96.0,298.15
221.0,94.0,0.0,0.0,5.23273145,0.0,298.15
222.0,94.0,0.0,0.0,11.300848325,0.0,298.15
223.0,94.0,0.0,0.0,12.37617735,0.0,298.15
224.0,94.0,0.0,0.0,15.373986775,844.0,298.15
225.0,94.0,0.0,0.0,19.0382086,0.0,298.15
226.0,94.91666666666669,0.0,0.0,9.398270616666666,8107.0,298.15
227.0,95.0,0.0,0.0,14.549731608333332,0.0,298.15
228.0,95.0,0.0,0.0,2.659799233333333,0.0,298.15
229.0,95.0,0.0,0.0,12.273337516666668,0.0,298.15
230.0,95.36363636363636,0.0,0.0,5.2478957818181815,0.0,298.15
231.0,96.0,0.0,0.0,13.219708533333334,0.0,298.15
232.0,96.0,0.0,0.0,23.787771483333334,0.0,298.15
233.0,96.0,0.0,0.0,5.806212908333333,0.0,298.15
234.0,96.0,0.0,0.0,16.981922491666666,0.0,298.15
235.0,96.36363636363636,0.0,0.0,5.520184,83.0,298.15
236.0,97.0,0.0,0.0,10.877566483333334,0.0,298.15
237.0,97.0,0.0,0.0,13.103062625,0.0,298.15
238.0,97.0,0.0,0.0,16.415962075,0.0,298.15
239.0,97.0,0.0,0.0,3.457562509090909,0.0,298.15
240.0,97.9090909090909,0.0,0.0,19.010203554545456,0.0,298.15
241.0,98.0,0.0,0.0,13.774891983333331,0.0,298.15
242.0,98.0,0.0,0.0,7.799871341666667,0.0,298.15
243.0,98.0,0.0,0.0,12.7147847,96.0,298.15
244.0,98.0,0.0,0.0,22.966109091666667,0.0,298.15
245.0,98.0,0.0,0.0,9.921889990909092,0.0,298.15
246.0,98.75,0.0,0.0,9.941605741666669,0.0,298.15
247.0,99.0,0.0,0.0,10.061424658333332,0.0,298.15
248.0,99.0,0.0,0.0,11.6828213,3051.0,298.15
249.0,99.0,0.0,0.0,10.001062883333333,0.0,298.15
250.0,99.0,0.0,0.0,12.61476790909091,0.0,298.15
251.0,99.0,0.0,0.0,8.412955933333333,0.0,298.15
252.0,99.5,0.0,0.0,8.394664158333333,208.0,298.15
253.0,100.0,0.0,0.0,8.27065589090909,0.0,298.15
254.0,100.0,0.0,0.0,12.103154925,0.0,298.15
255.0,100.0,0.0,0.0,15.318055016666667,0.0,298.15
256.0,100.0,0.0,0.0,10.239237116666668,0.0,298.15
257.0,100.0,0.0,0.0,5.896347358333333,0.0,298.15
258.0,100.0,0.0,0.0,10.010772933333334,0.0,298.15
259.0,100.0,0.0,0.0,7.649211027272727,0.0,298.15
260.0,100.0,0.0,0.0,14.421401875,0.0,298.15
261.0,100.0,0.0,0.0,17.616717833333336,0.0,298.15
262.0,100.0,0.0,0.0,20.96535101666667,0.0,298.15
263.0,100.0,0.0,0.0,7.451262750000001,0.0,298.15
264.0,100.0,0.0,0.0,5.938243854545454,28.0,298.15
265.0,100.0,0.0,0.0,7.797032425,0.0,298.15
266.0,100.0,0.0,0.0,5.118295216666667,28.0,298.15
267.0,100.0,0.0,0.0,6.45733795,0.0,298.15
268.0,100.0,0.0,0.0,9.993329058333334,25873.0,298.15
269.0,100.0,0.0,0.0,13.107116916666667,0.0,298.15
270.0,100.0,0.0,0.0,17.782828536363635,0.0,298.15
271.0,100.0,0.0,0.0,7.4558873,0.0,298.15
272.0,100.0,0.0,0.0,3.6669108,0.0,298.15
273.0,100.0,0.0,0.0,7.106345725,0.0,298.15
274.0,100.0,0.0,0.0,6.517264118181817,56668.0,298.15
275.0,100.0,0.0,0.0,18.606896916666667,0.0,298.15
276.0,100.0,0.0,0.0,10.117802175,0.0,298.15
277.0,100.0,0.0,0.0,11.370491116666669,0.0,298.15
278.0,100.0,0.0,0.0,5.478076016666667,0.0,298.15
279.0,100.0,0.0,0.0,13.253100766666668,0.0,298.15
280.0,100.0,0.0,0.0,10.652705418181815,0.0,298.15
281.0,100.0,0.0,0.0,16.369350858333334,0.0,298.15
282.0,100.0,0.0,0.0,8.400125391666666,0.0,298.15
283.0,100.0,0.0,0.0,7.683241958333333,0.0,298.15
284.0,100.0,0.0,0.0,11.80233105,0.0,298.15
285.0,100.0,0.0,0.0,7.92250955,0.0,298.15
286.0,100.0,0.0,0.0,12.296849027272726,0.0,298.15
287.0,100.0,0.0,0.0,9.116565208333334,28.0,298.15
288.0,100.0,0.0,0.0,12.469702833333336,0.0,298.15
289.0,100.0,0.0,0.0,13.529571054545457,0.0,298.15
290.0,100.0,0.0,0.0,17.7949234,0.0,298.15
291.0,100.0,0.0,0.0,9.399104909090909,0.0,298.15
292.0,100.0,0.0,0.0,11.777538775000002,0.0,298.15
293.0,100.0,0.0,0.0,4.88928295,0.0,298.15
294.0,100.0,0.0,0.0,5.844585058333333,0.0,298.15
295.0,100.0,0.0,0.0,9.836567125,0.0,298.15
296.0,100.0,0.0,0.0,7.002231225,0.0,298.15
297.0,100.0,0.0,0.0,17.05670027272727,1086.0,298.15
298.0,100.0,0.0,0.0,10.180386575,0.0,298.15
299.0,100.0,0.0,0.0,9.412944625,0.0,298.15
300.0,100.0,0.0,0.0,12.939446891666668,26978.0,298.15
301.0,100.0,0.0,0.0,10.806384766666667,0.0,298.15
302.0,100.0,0.0,0.0,22.75536308181818,17172.0,298.15
303.0,100.0,0.0,0.0,7.94462085,0.0,298.15
304.0,100.0,0.0,0.0,5.4622115,104.0,298.15
305.0,100.0,0.0,0.0,8.188796233333333,0.0,298.15
306.0,100.0,0.0,0.0,3.779965225,168.0,298.15
307.0,100.0,0.0,0.0,4.309712816666667,0.0,298.15
308.0,100.0,0.0,0.0,6.344286790909091,0.0,298.15
309.0,100.0,0.0,0.0,16.254616583333334,0.0,298.15
310.0,100.0,0.0,0.0,14.1840118,0.0,298.15
311.0,100.0,0.0,0.0,6.717052941666666,0.0,298.15
312.0,100.0,0.0,0.0,15.242572066666666,0.0,298.15
313.0,100.0,0.0,0.0,10.95757035,0.0,298.15
314.0,100.0,0.0,0.0,4.738110863636364,0.0,298.15
315.0,100.0,0.0,0.0,11.782534191666668,0.0,298.15
316.0,100.0,0.0,0.0,25.971335600000003,0.0,298.15
317.0,100.0,0.0,0.0,26.89811725,0.0,298.15
318.0,100.0,0.0,0.0,22.419372166666665,0.0,298.15
319.0,100.0,0.0,0.0,12.463343154545454,0.0,298.15
320.0,100.0,0.0,0.0,17.599178883333334,989.0,298.15
321.0,100.0,0.0,0.0,14.1046446,0.0,298.15
322.0,100.0,0.0,0.0,15.0276767,0.0,298.15
323.0,100.0,0.0,0.0,13.065798158333337,0.0,298.15
324.0,100.0,0.0,0.0,11.090251709090907,0.0,298.15
325.0,100.0,0.0,0.0,7.673071041666667,0.0,298.15
326.0,100.0,0.0,0.0,10.33302525,0.0,298.15
327.0,100.0,0.0,0.0,7.048480050000001,179.0,298.15
328.0,100.0,0.0,0.0,9.987285908333334,0.0,298.15
329.0,100.0,0.0,0.0,8.085615236363637,0.0,298.15
330.0,100.0,0.0,0.0,9.5859887,224.0,298.15
331.0,100.0,0.0,0.0,9.955448666666667,0.0,298.15
332.0,100.0,0.0,0.0,6.57761975,0.0,298.15
333.0,100.0,0.0,0.0,12.610666041666668,0.0,298.15
334.0,100.0,0.0,0.0,5.257696636363637,0.0,298.15
335.0,100.0,0.0,0.0,8.284012927272729,0.0,298.15
336.0,100.0,0.0,0.0,33.59024133333333,0.0,298.15
337.0,100.0,0.0,0.0,21.178843033333333,0.0,298.15
338.0,100.0,0.0,0.0,16.774643716666667,0.0,298.15
339.0,100.0,0.0,0.0,10.437668333333333,0.0,298.15
340.0,100.0,0.0,0.0,10.189379358333332,0.0,298.15
341.0,100.0,0.0,0.0,13.021329627272728,0.0,298.15
342.0,100.0,0.0,0.0,10.237974225,0.0,298.15
343.0,100.0,0.0,0.0,10.511252333333331,0.0,298.15
344.0,100.0,0.0,0.0,15.242616433333334,0.0,298.15
345.0,100.0,0.0,0.0,15.9099087,0.0,298.15
346.0,100.0,0.0,0.0,19.59987008333333,0.0,298.15
347.0,100.0,0.0,0.0,7.527657136363637,0.0,298.15
348.0,100.0,0.0,0.0,9.23828275,1180.0,298.15
349.0,100.0,0.0,0.0,9.284783566666666,0.0,298.15
350.0,100.0,0.0,0.0,6.266975175,28.0,298.15
351.0,100.0,0.0,0.0,11.867473475,0.0,298.15
352.0,100.0,0.0,0.0,14.788142433333334,0.0,298.15
353.0,100.0,0.0,0.0,17.649364141666666,0.0,298.15
354.0,100.0,0.0,0.0,12.065666709090909,0.0,298.15
355.0,100.0,0.0,0.0,18.805301033333333,343.0,298.15
356.0,100.0,0.0,0.0,3.6666239416666655,0.0,298.15
357.0,100.0,0.0,0.0,3.711575233333333,0.0,298.15
358.0,100.0,0.0,0.0,10.9603307,127.0,298.15
359.0,100.0,0.0,0.0,15.16252045,0.0,298.15
360.0,100.0,0.0,0.0,4.351914218181818,0.0,298.15
361.0,100.0,0.0,0.0,14.0722668,0.0,298.15
362.0,100.0,0.0,0.0,18.364668025,0.0,298.15
363.0,100.0,0.0,0.0,10.053628916666666,0.0,298.15
364.0,100.0,0.0,0.0,22.52916403333333,2655.0,298.15
365.0,100.0,0.0,0.0,14.991410924999998,0.0,298.15
366.0,100.0,0.0,0.0,13.498411218181817,77414.2400000004,298.15
367.0,100.0,0.0,0.0,6.3372447916666665,0.0,298.15
368.0,100.0,0.0,0.0,4.469426516666666,1216.0,298.15
369.0,100.0,0.0,0.0,8.921872616666667,0.0,298.15
370.0,100.0,0.0,0.0,7.117165636363636,71.0,298.15
371.0,100.0,0.0,0.0,12.415332933333334,0.0,298.15
372.0,100.0,0.0,0.0,8.589560208333333,0.0,298.15
373.0,100.0,0.0,0.0,4.104035816666666,0.0,298.15
374.0,100.0,0.0,0.0,2.2240259833333336,0.0,298.15
375.0,100.0,0.0,0.0,3.8354095,0.0,298.15
376.0,100.0,0.0,0.0,18.184171927272725,0.0,298.15
377.0,100.0,0.0,0.0,12.126817608333331,0.0,298.15
378.0,100.0,0.0,0.0,5.532077133333334,0.0,298.15
379.0,100.0,0.0,0.0,5.46358995,0.0,298.15
380.0,100.0,0.0,0.0,3.3544134333333333,0.0,298.15
381.0,100.0,0.0,0.0,12.58355675,0.0,298.15
382.0,100.0,0.0,0.0,14.633961441666669,0.0,298.15
383.0,100.0,0.0,0.0,10.67850190909091,0.0,298.15
384.0,100.0,0.0,0.0,4.7763795,0.0,298.15
385.0,100.0,0.0,0.0,15.441052258333334,0.0,298.15
386.0,100.0,0.0,0.0,14.789816291666666,0.0,298.15
387.0,100.0,0.0,0.0,7.056457727272728,400.0,298.15
388.0,100.0,0.0,0.0,3.4566735333333334,0.0,298.15
389.0,100.0,0.0,0.0,9.261928066666666,0.0,298.15
390.0,100.0,0.0,0.0,15.503534299999998,0.0,298.15
391.0,100.0,0.0,0.0,20.10376044166667,0.0,298.15
392.0,100.0,0.0,0.0,9.773941475,844.0,298.15
393.0,100.0,0.0,0.0,7.545142081818182,0.0,298.15
394.0,100.0,0.0,0.0,8.617209508333334,0.0,298.15
395.0,100.0,0.0,0.0,7.733202791666667,0.0,298.15
396.0,100.0,0.0,0.0,11.981475233333333,0.0,298.15
397.0,100.0,0.0,0.0,6.361739708333334,0.0,298.15
398.0,100.0,0.0,0.0,11.832534491666664,0.0,298.15
399.0,100.0,0.0,0.0,9.463072691666666,0.0,298.15
400.0,100.0,0.0,0.0,19.12897885,294.0,298.15
401.0,100.0,0.0,0.0,13.523147218181816,0.0,298.15
402.0,100.0,0.0,0.0,10.159009816666666,0.0,298.15
403.0,100.0,0.0,0.0,9.01932905,0.0,298.15
404.0,100.0,0.0,0.0,10.553775791666666,0.0,298.15
405.0,100.0,0.0,0.0,6.641871241666667,0.0,298.15
406.0,100.0,0.0,0.0,2.541552283333333,0.0,298.15
407.0,100.0,0.0,0.0,11.64798489090909,0.0,298.15
408.0,100.0,0.0,0.0,15.328807341666666,0.0,298.15
409.0,100.0,0.0,0.0,20.582587200000003,0.0,298.15
410.0,100.0,0.0,0.0,11.4467636,0.0,298.15
411.0,100.0,0.0,0.0,6.2842756500000005,0.0,298.15
412.0,100.0,0.0,0.0,3.4697520083333333,0.0,298.15
413.0,100.0,0.0,0.0,8.031645675,844.0,298.15
414.0,100.0,0.0,0.0,6.245612081818181,0.0,298.15
415.0,100.0,0.0,0.0,11.131343175,899.0,298.15
416.0,100.0,0.0,0.0,9.064504933333334,0.0,298.15
417.0,100.0,0.0,0.0,7.224466236363637,0.0,298.15
418.0,100.0,0.0,0.0,9.251735116666667,0.0,298.15
419.0,100.0,0.0,0.0,2.1754488166666666,0.0,298.15
420.0,100.0,0.0,0.0,10.214810016666666,0.0,298.15
421.0,100.0,0.0,0.0,21.15224794166667,0.0,298.15
422.0,100.0,0.0,0.0,10.362226216666668,0.0,298.15
423.0,100.0,0.0,0.0,10.9315792,0.0,298.15
424.0,100.0,0.0,0.0,21.051793758333336,463.0,298.15
425.0,100.0,0.0,0.0,6.076298741666666,0.0,298.15
426.0,100.0,0.0,0.0,7.685098,0.0,298.15
427.0,100.0,0.0,0.0,6.9429372250000005,0.0,298.15
428.0,100.0,0.0,0.0,9.003852783333334,0.0,298.15
429.0,100.0,0.0,0.0,10.863515154545455,0.0,298.15
430.0,100.0,0.0,0.0,10.411611633333331,0.0,298.15
431.0,100.0,0.0,0.0,11.946378475,0.0,298.15
432.0,100.0,0.0,0.0,5.2484267,0.0,298.15
433.0,100.0,0.0,0.0,8.194405191666666,0.0,298.15
434.0,100.0,0.0,0.0,2.38281155,0.0,298.15
435.0,100.0,0.0,0.0,3.39327315,0.0,298.15
436.0,100.0,0.0,0.0,9.096856816666667,0.0,298.15
437.0,100.0,0.0,0.0,5.322009790909092,0.0,298.15
438.0,100.0,0.0,0.0,13.316607266666669,0.0,298.15
439.0,100.0,0.0,0.0,14.469528250000002,0.0,298.15
440.0,100.0,0.0,0.0,12.942640375000002,0.0,298.15
441.0,100.0,0.0,0.0,4.2595985333333335,0.0,298.15
442.0,100.0,0.0,0.0,7.466739016666666,0.0,298.15
443.0,100.0,0.0,0.0,7.889970118181818,0.0,298.15
444.0,100.0,0.0,0.0,8.7025679,0.0,298.15
445.0,100.0,0.0,0.0,8.614359083333333,0.0,298.15
446.0,100.0,0.0,0.0,12.0807267,285.0,298.15
447.0,100.0,0.0,0.0,10.782544425,0.0,298.15
448.0,100.0,0.0,0.0,20.53906668333333,0.0,298.15
449.0,100.0,0.0,0.0,16.391372427272728,0.0,298.15
450.0,100.0,0.0,0.0,17.752161816666668,0.0,298.15
451.0,100.0,0.0,0.0,8.504926166666666,0.0,298.15
452.0,100.0,0.0,0.0,7.1292537,0.0,298.15
453.0,100.0,0.0,0.0,5.644133416666667,0.0,298.15
454.0,100.0,0.0,0.0,10.174105733333333,0.0,298.15
455.0,100.0,0.0,0.0,5.0546502916666665,0.0,298.15
456.0,100.0,0.0,0.0,14.086823872727273,1303.0,298.15
457.0,100.0,0.0,0.0,13.281338733333332,0.0,298.15
458.0,100.0,0.0,0.0,4.919596275,0.0,298.15
459.0,100.0,0.0,0.0,7.836574508333334,0.0,298.15
460.0,100.0,0.0,0.0,14.69446765,0.0,298.15
461.0,100.0,0.0,0.0,2.3161518,0.0,298.15
462.0,100.0,0.0,0.0,3.8775809181818186,0.0,298.15
463.0,100.0,0.0,0.0,8.09804055,0.0,298.15
464.0,100.0,0.0,0.0,22.12111928333333,0.0,298.15
465.0,100.0,0.0,0.0,14.591247472727272,0.0,298.15
466.0,100.0,0.0,0.0,13.70961535,40.0,298.15
467.0,100.0,0.0,0.0,12.079971341666663,0.0,298.15
468.0,100.0,0.0,0.0,12.7590978,0.0,298.15
469.0,100.0,0.0,0.0,16.270902666666668,0.0,298.15
470.0,100.0,0.0,0.0,9.653353775,0.0,298.15
471.0,100.0,0.0,0.0,7.694560083333333,0.0,298.15
472.0,100.0,0.0,0.0,13.978482816666668,0.0,298.15
473.0,100.0,0.0,0.0,22.587516516666668,0.0,298.15
474.0,100.0,0.0,0.0,27.495224909090908,365.0,298.15
475.0,100.0,0.0,0.0,18.983957933333333,0.0,298.15
476.0,100.0,0.0,0.0,10.651352333333334,52.0,298.15
477.0,100.0,0.0,0.0,6.154831158333334,0.0,298.15
478.0,100.0,0.0,0.0,7.887444116666667,0.0,298.15
479.0,100.0,0.0,0.0,11.848207366666664,0.0,298.15
480.0,100.0,0.0,0.0,9.782657072727272,0.0,298.15
481.0,100.0,0.0,0.0,7.555240491666666,0.0,298.15
482.0,100.0,0.0,0.0,5.742315033333334,1153.0,298.15
483.0,100.0,0.0,0.0,4.650901391666666,0.0,298.15
484.0,100.0,0.0,0.0,5.545202808333333,0.0,298.15
485.0,100.0,0.0,0.0,10.985537416666666,0.0,298.15
486.0,100.0,0.0,0.0,11.466673475,0.0,298.15
487.0,100.0,0.0,0.0,13.893475041666669,0.0,298.15
488.0,100.0,0.0,0.0,7.7040875090909084,0.0,298.15
489.0,100.0,0.0,0.0,15.737460191666663,0.0,298.15
490.0,100.0,0.0,0.0,16.941448791666666,142.0,298.15
491.0,100.0,0.0,0.0,6.489915558333333,0.0,298.15
492.0,100.0,0.0,0.0,6.922213333333333,310.0,298.15
493.0,100.0,0.0,0.0,16.703516563636363,0.0,298.15
494.0,100.0,0.0,0.0,9.67017235,0.0,298.15
495.0,100.0,0.0,0.0,13.265277483333334,816.0,298.15
496.0,100.0,0.0,0.0,16.280184216666665,0.0,298.15
497.0,100.0,0.0,0.0,9.630406891666668,0.0,298.15
498.0,100.0,0.0,0.0,3.01580775,0.0,298.15
499.0,100.0,0.0,0.0,10.98227435,0.0,298.15
500.0,100.0,0.0,0.0,10.810681972727274,0.0,298.15
501.0,100.0,0.0,0.0,9.631275475,0.0,298.15
502.0,100.0,0.0,0.0,24.242699575,0.0,298.15
503.0,100.0,0.0,0.0,21.445621608333337,0.0,298.15
504.0,100.0,0.0,0.0,8.1196195,0.0,298.15
505.0,100.0,0.0,0.0,7.531721883333333,0.0,298.15
506.0,100.0,0.0,0.0,6.321762033333333,0.0,298.15
507.0,100.0,0.0,0.0,7.401203272727272,0.0,298.15
508.0,100.0,0.0,0.0,17.50721545,2046.0,298.15
509.0,100.0,1.0,65.26587094777469,17.148127083333332,0.0,298.15
510.0,100.0,1.0,65.5710057527674,26.49663645833333,943.0,298.15
511.0,100.0,1.0,65.87512064303152,19.222334136363635,41073.0,298.15
512.0,100.0,1.0,66.17820982865791,31.42958996666667,0.0,298.15
513.0,100.0,1.0,66.48026753926538,22.115322325,150297.0,298.15
514.0,100.0,1.0,66.78128802411051,24.863028663636364,0.0,298.15
515.0,100.0,1.0,67.08126555219718,23.451979616666662,347.0,298.15
516.0,99.91666666666669,0.0,0.0,11.687328233333332,0.0,298.15
517.0,99.0,0.0,0.0,5.25624195,431.0,298.15
518.0,99.0,0.0,0.0,9.502916185714286,0.0,298.15
519.0,99.0,0.0,0.0,3.5714285,289730.08000000636,298.15
520.0,99.0,0.0,0.0,16.212243033333333,0.0,298.15
521.0,99.0,1.0,68.85891020858082,16.44512855,0.0,298.15
522.0,99.0,1.0,69.15142825305615,32.4474172,166851.0,298.15
523.0,99.0,1.0,69.44285821671957,12.5142811,0.0,298.15
524.0,98.83333333333331,1.0,69.73319455116464,17.898513050000002,275794.84000000596,298.15
525.0,98.0,1.0,70.02243172880605,33.29635125,0.0,298.15
526.0,98.0,1.0,70.3105642429849,31.689255090909093,285433.84000000596,298.15
527.0,98.0,1.0,70.59758660807341,31.63654866666667,0.0,298.15
528.0,97.91666666666669,1.0,70.88349335957952,28.163098,0.0,298.15
529.0,97.0,1.0,71.16827905425079,11.7587263,0.0,298.15
530.0,97.0,0.0,0.0,13.996683308333331,0.0,298.15
531.0,97.0,0.0,0.0,9.16082830909091,1407.0,298.15
532.0,97.0,0.0,0.0,3.613342075,0.0,298.15
533.0,97.0,0.0,0.0,12.924204108333331,0.0,298.15
534.0,97.0,0.0,0.0,12.326534883333332,0.0,298.15
535.0,97.0,0.0,0.0,12.26576129090909,8524.0,298.15
536.0,97.0,0.0,0.0,19.382994791666665,0.0,298.15
537.0,97.0,0.0,0.0,4.579889916666667,0.0,298.15
538.0,97.0,0.0,0.0,17.462887972727273,0.0,298.15
539.0,97.0,0.0,0.0,12.763928966666668,0.0,298.15
540.0,97.0,0.0,0.0,4.8076965750000005,0.0,298.15
541.0,97.0,0.0,0.0,5.201593058333333,0.0,298.15
542.0,97.0,0.0,0.0,20.50368481818182,0.0,298.15
543.0,97.0,0.0,0.0,18.297402283333334,0.0,298.15
544.0,97.0,0.0,0.0,9.5177255,0.0,298.15
545.0,97.0,0.0,0.0,9.285746081818182,0.0,298.15
546.0,97.0,0.0,0.0,9.931570925,0.0,298.15
547.0,97.0,0.0,0.0,3.922625558333333,0.0,298.15
548.0,96.08333333333331,0.0,0.0,18.772883375,0.0,298.15
549.0,96.0,0.0,0.0,5.803033516666667,0.0,298.15
550.0,96.0,0.0,0.0,20.527697427272727,0.0,298.15
551.0,96.0,0.0,0.0,7.657958874999999,5589.0,298.15
552.0,96.0,0.0,0.0,2.025241818181818,0.0,298.15
553.0,96.0,0.0,0.0,2.4190447916666664,0.0,298.15
554.0,96.0,0.0,0.0,8.376839200000001,0.0,298.15
555.0,96.0,0.0,0.0,9.757466441666669,0.0,298.15
556.0,96.0,0.0,0.0,17.61396183636364,0.0,298.15
557.0,96.0,0.0,0.0,7.899862983333333,0.0,298.15
558.0,96.0,0.0,0.0,7.330510358333334,96.0,298.15
559.0,96.0,0.0,0.0,12.033286366666667,0.0,298.15
560.0,96.0,0.0,0.0,17.060800809090907,0.0,298.15
561.0,96.0,0.0,0.0,10.932463325,0.0,298.15
562.0,96.0,0.0,0.0,15.533599741666668,0.0,298.15
563.0,96.0,0.0,0.0,14.4921133,0.0,298.15
564.0,96.0,0.0,0.0,17.751716775000002,0.0,298.15
565.0,96.0,0.0,0.0,16.3837477,0.0,298.15
566.0,96.0,0.0,0.0,10.768719358333334,0.0,298.15
567.0,95.1818181818182,0.0,0.0,7.031648381818181,0.0,298.15
568.0,95.0,0.0,0.0,18.334686658333336,0.0,298.15
569.0,95.0,0.0,0.0,13.175886375,0.0,298.15
570.0,95.0,0.0,0.0,18.62381040833333,0.0,298.15
571.0,95.0,0.0,0.0,7.804885841666667,0.0,298.15
572.0,95.0,0.0,0.0,12.556910945454549,0.0,298.15
573.0,95.0,0.0,0.0,18.517747891666662,0.0,298.15
574.0,95.0,0.0,0.0,13.057111641666667,0.0,298.15
575.0,95.0,0.0,0.0,10.163200754545455,0.0,298.15
576.0,95.0,0.0,0.0,8.712484941666666,0.0,298.15
577.0,95.0,0.0,0.0,12.4481355,0.0,298.15
578.0,95.0,0.0,0.0,14.407370891666666,0.0,298.15
579.0,95.0,0.0,0.0,12.179765209090908,40043.0,298.15
580.0,95.0,0.0,0.0,10.040209091666666,0.0,298.15
581.0,95.0,0.0,0.0,10.081169458333331,10460.0,298.15
582.0,95.0,0.0,0.0,14.4961538,0.0,298.15
583.0,95.0,0.0,0.0,11.944529690909093,630.0,298.15
584.0,95.0,0.0,0.0,9.314465666666669,0.0,298.15
585.0,95.0,0.0,0.0,10.939118716666668,0.0,298.15
586.0,95.0,0.0,0.0,23.48155026666667,0.0,298.15
587.0,94.8181818181818,0.0,0.0,25.16066106363636,0.0,298.15
588.0,94.0,0.0,0.0,6.09245785,0.0,298.15
589.0,94.0,0.0,0.0,4.770953366666666,6883.0,298.15
590.0,94.0,0.0,0.0,8.926821158333334,0.0,298.15
591.0,94.0,0.0,0.0,11.815698763636362,0.0,298.15
592.0,94.0,0.0,0.0,17.024940775,0.0,298.15
593.0,94.0,0.0,0.0,6.590565908333333,0.0,298.15
594.0,94.0,0.0,0.0,2.9513890666666662,0.0,298.15
595.0,94.0,0.0,0.0,15.401614054545457,9919.0,298.15
596.0,94.0,0.0,0.0,12.340090691666669,0.0,298.15
597.0,94.0,0.0,0.0,9.751825275,0.0,298.15
598.0,94.0,0.0,0.0,23.55878097272728,7202.0,298.15
599.0,94.0,0.0,0.0,5.522792174999999,0.0,298.15
600.0,94.0,0.0,0.0,12.516898341666668,0.0,298.15
601.0,93.91666666666669,0.0,0.0,26.142544025000003,0.0,298.15
602.0,93.0,1.0,88.59130124271117,15.132087108333332,132.0,298.15
603.0,93.0,0.0,0.0,9.911687581818182,0.0,298.15
604.0,93.0,0.0,0.0,5.174107666666667,0.0,298.15
605.0,93.0,0.0,0.0,12.252772783333334,0.0,298.15
606.0,93.0,1.0,89.33590591425295,18.199911441666668,0.0,298.15
607.0,93.0,0.0,0.0,5.824678891666665,0.0,298.15
608.0,93.0,0.0,0.0,9.5893557,0.0,298.15
609.0,93.0,0.0,0.0,8.5192075,0.0,298.15
610.0,93.0,0.0,0.0,7.91180245,0.0,298.15
611.0,93.0,0.0,0.0,19.79095953636364,0.0,298.15
612.0,93.0,0.0,0.0,9.43733835,0.0,298.15
613.0,93.0,0.0,0.0,4.815863883333333,0.0,298.15
614.0,93.0,0.0,0.0,21.79813925,0.0,298.15
615.0,93.0,0.0,0.0,13.519542772727272,0.0,298.15
616.0,93.0,0.0,0.0,9.036697933333334,0.0,298.15
617.0,93.0,0.0,0.0,6.548999566666667,0.0,298.15
618.0,93.0,0.0,0.0,8.613466391666666,0.0,298.15
619.0,93.0,0.0,0.0,21.28551523333333,656.0,298.15
620.0,93.0,0.0,0.0,19.786540154545456,0.0,298.15
621.0,93.0,0.0,0.0,4.434386033333333,11418.0,298.15
622.0,92.58333333333331,0.0,0.0,3.63757675,0.0,298.15
623.0,92.0,0.0,0.0,9.693197890909092,0.0,298.15
624.0,92.0,0.0,0.0,20.632636491666663,60.0,298.15
625.0,92.0,0.0,0.0,14.3901215,255.0,298.15
626.0,92.0,1.0,92.70128654589091,7.389291766666667,0.0,298.15
627.0,92.0,0.0,0.0,9.359248191666667,0.0,298.15
628.0,92.0,0.0,0.0,3.751380900000001,0.0,298.15
629.0,92.0,0.0,0.0,22.72135986666667,0.0,298.15
630.0,92.0,1.0,93.30139886099322,35.82650725,0.0,298.15
631.0,92.0,1.0,93.44756435354583,25.633226125,0.0,298.15
632.0,92.0,1.0,93.59217920187727,17.393133191666667,0.0,298.15
633.0,92.0,0.0,0.0,7.469202741666667,0.0,298.15
634.0,92.0,0.0,0.0,8.655169918181818,3144.0,298.15
635.0,92.0,0.0,0.0,13.221247366666669,0.0,298.15
636.0,92.0,0.0,0.0,20.454061258333333,0.0,298.15
637.0,92.0,0.0,0.0,10.176672733333334,0.0,298.15
638.0,92.0,0.0,0.0,5.984132809090909,0.0,298.15
639.0,92.0,0.0,0.0,4.904888841666667,0.0,298.15
640.0,92.0,0.0,0.0,6.776550741666667,0.0,298.15
641.0,92.0,0.0,0.0,23.041390472727272,0.0,298.15
642.0,92.0,0.0,0.0,6.122598258333333,28.0,298.15
643.0,92.0,0.0,0.0,6.938603141666667,0.0,298.15
644.0,92.0,0.0,0.0,1.9102443916666667,124.0,298.15
645.0,92.0,0.0,0.0,19.655405627272728,1502.0,298.15
646.0,92.0,1.0,95.45248165814554,28.64713825,3849.0,298.15
647.0,92.0,0.0,0.0,8.229091008333333,0.0,298.15
648.0,92.0,0.0,0.0,7.669010975,0.0,298.15
649.0,92.0,0.0,0.0,14.657503336363636,0.0,298.15
650.0,92.0,0.0,0.0,17.921858708333335,0.0,298.15
651.0,92.0,0.0,0.0,10.861633325,0.0,298.15
652.0,92.0,0.0,0.0,10.221980716666666,0.0,298.15
653.0,91.36363636363636,0.0,0.0,11.009621727272728,0.0,298.15
654.0,91.0,0.0,0.0,15.570665475,0.0,298.15
655.0,91.0,0.0,0.0,15.6651811,166.0,298.15
656.0,91.0,0.0,0.0,11.484245433333331,52.0,298.15
657.0,91.0,0.0,0.0,8.130975654545454,0.0,298.15
658.0,91.0,0.0,0.0,21.723141575,10381.0,298.15
659.0,91.0,0.0,0.0,11.505894483333334,0.0,298.15
660.0,91.0,0.0,0.0,4.0790717333333335,0.0,298.15
661.0,91.0,0.0,0.0,5.328033918181818,0.0,298.15
662.0,91.0,0.0,0.0,16.99402076666667,315.0,298.15
663.0,91.0,0.0,0.0,10.851841483333333,0.0,298.15
664.0,91.0,0.0,0.0,4.769803163636364,0.0,298.15
665.0,91.0,0.0,0.0,8.552097966666667,1758.0,298.15
666.0,91.0,1.0,97.56855299499556,13.21189970909091,0.0,298.15
667.0,91.0,0.0,0.0,7.544257416666666,0.0,298.15
668.0,91.0,0.0,0.0,10.454347733333334,0.0,298.15
669.0,91.0,0.0,0.0,12.541523216666668,0.0,298.15
670.0,91.0,0.0,0.0,15.932884727272729,0.0,298.15
671.0,91.0,0.0,0.0,6.788947525,0.0,298.15
672.0,91.0,0.0,0.0,12.455293966666666,0.0,298.15
673.0,91.0,0.0,0.0,11.728396672727271,0.0,298.15
674.0,91.0,0.0,0.0,18.45857985,0.0,298.15
675.0,91.0,0.0,0.0,3.1062392666666665,0.0,298.15
676.0,91.0,0.0,0.0,5.185122150000001,0.0,298.15
677.0,91.0,0.0,0.0,15.787874216666664,0.0,298.15
678.0,91.0,0.0,0.0,14.084718754545452,0.0,298.15
679.0,91.0,0.0,0.0,18.17680130833333,0.0,298.15
680.0,91.0,0.0,0.0,15.473226541666667,0.0,298.15
681.0,91.0,0.0,0.0,14.507068854545452,0.0,298.15
682.0,91.0,0.0,0.0,11.320184725,96.0,298.15
683.0,91.0,0.0,0.0,16.061760433333333,0.0,298.15
684.0,91.0,0.0,0.0,3.674135816666667,0.0,298.15
685.0,91.0,0.0,0.0,2.6293680545454547,0.0,298.15
686.0,91.0,0.0,0.0,6.876278708333333,28.0,298.15
687.0,91.0,0.0,0.0,19.601812516666666,0.0,298.15
688.0,90.16666666666669,0.0,0.0,19.4105626,0.0,298.15
689.0,90.0,0.0,0.0,11.507050863636364,0.0,298.15
690.0,90.0,0.0,0.0,4.650668191666667,0.0,298.15
691.0,90.0,0.0,0.0,17.151268566666666,0.0,298.15
692.0,90.0,0.0,0.0,9.027867683333334,0.0,298.15
693.0,90.0,0.0,0.0,6.648795009090909,0.0,298.15
694.0,90.0,0.0,0.0,14.062492866666666,0.0,298.15
695.0,90.0,0.0,0.0,7.604361083333333,0.0,298.15
696.0,90.0,0.0,0.0,15.400117,0.0,298.15
697.0,90.0,0.0,0.0,14.454654009090907,0.0,298.15
698.0,90.0,0.0,0.0,15.933407099999998,0.0,298.15
699.0,90.0,0.0,0.0,7.456242616666667,0.0,298.15
700.0,90.0,0.0,0.0,14.773674966666666,0.0,298.15
701.0,90.0,0.0,0.0,14.233434045454544,0.0,298.15
702.0,90.0,0.0,0.0,11.839524883333333,0.0,298.15
703.0,90.0,0.0,0.0,6.9898312083333325,0.0,298.15
704.0,90.0,0.0,0.0,6.422922966666666,0.0,298.15
705.0,90.0,0.0,0.0,12.23145939090909,124.0,298.15
706.0,90.0,0.0,0.0,21.35910245,1325.0,298.15
707.0,90.0,0.0,0.0,18.57861918333333,0.0,298.15
708.0,90.0,0.0,0.0,10.113970991666667,0.0,298.15
709.0,90.0,0.0,0.0,15.614453063636365,0.0,298.15
710.0,90.0,0.0,0.0,9.575505,0.0,298.15
711.0,90.0,0.0,0.0,7.904386141666666,0.0,298.15
712.0,90.0,0.0,0.0,12.255786725,0.0,298.15
713.0,90.0,0.0,0.0,8.438533209090908,0.0,298.15
714.0,89.83333333333333,0.0,0.0,11.534824125,0.0,298.15
715.0,89.0,0.0,0.0,18.440145966666663,166.0,298.15
716.0,89.0,0.0,0.0,8.403575691666667,52.0,298.15
717.0,89.0,0.0,0.0,4.134932963636364,0.0,298.15
718.0,89.0,0.0,0.0,12.162292075000002,0.0,298.15
719.0,89.0,0.0,0.0,15.079469941666666,0.0,298.15
720.0,89.0,0.0,0.0,11.602967554545456,0.0,298.15
721.0,89.0,0.0,0.0,15.679512858333332,0.0,298.15
722.0,89.0,0.0,0.0,21.85575055833333,0.0,298.15
723.0,89.0,0.0,0.0,8.776236236363637,0.0,298.15
724.0,89.0,0.0,0.0,12.047793216666667,0.0,298.15
725.0,89.0,0.0,0.0,19.46572575833333,0.0,298.15
726.0,89.0,0.0,0.0,8.716493416666667,0.0,298.15
727.0,89.0,0.0,0.0,16.1609308,0.0,298.15
728.0,89.0,0.0,0.0,10.031321283333334,0.0,298.15
729.0,89.0,0.0,0.0,6.028207316666666,0.0,298.15
730.0,89.0,0.0,0.0,12.398641533333333,0.0,298.15
731.0,89.0,0.0,0.0,10.318103354545457,0.0,298.15
732.0,89.0,0.0,0.0,19.498829766666667,0.0,298.15
733.0,89.0,0.0,0.0,8.760069641666666,0.0,298.15
734.0,89.0,0.0,0.0,4.51762865,0.0,298.15
735.0,89.0,0.0,0.0,6.940819654545456,0.0,298.15
736.0,89.0,0.0,0.0,10.561942666666669,0.0,298.15
737.0,89.0,0.0,0.0,6.625855516666667,0.0,298.15
738.0,89.0,0.0,0.0,9.428942175,4816.0,298.15
739.0,88.54545454545455,0.0,0.0,11.579512590909092,0.0,298.15
740.0,88.0,0.0,0.0,15.2081681,0.0,298.15
741.0,88.0,0.0,0.0,10.88606485,0.0,298.15
742.0,88.0,0.0,0.0,9.988813875,0.0,298.15
743.0,88.0,0.0,0.0,24.738841363636364,11403.0,298.15
744.0,88.0,1.0,99.51792679240805,19.788803491666663,44087.0,298.15
745.0,88.0,1.0,99.47695776356412,34.966026,133410.0,298.15
746.0,88.0,1.0,99.43432329953968,23.46242120833333,0.0,298.15
747.0,88.0,0.0,0.0,32.609745272727274,11291.0,298.15
748.0,87.08333333333333,1.0,99.34406134443633,25.963753916666665,289730.08000000636,298.15
749.0,87.0,1.0,99.29643557181492,25.51126570909091,0.0,298.15
750.0,87.0,0.0,0.0,19.31246485,7218.0,298.15
751.0,87.0,0.0,0.0,10.46752581818182,0.0,298.15
752.0,87.0,0.0,0.0,16.30036540833333,140.0,298.15
753.0,87.0,0.0,0.0,18.617545025,0.0,298.15
754.0,87.0,0.0,0.0,17.299601541666664,0.0,298.15
755.0,87.0,0.0,0.0,15.908493045454549,0.0,298.15
756.0,87.0,0.0,0.0,13.833755708333332,5544.0,298.15
757.0,87.0,1.0,98.8556802573004,26.57938581818182,7073.0,298.15
758.0,87.0,1.0,98.79313293527636,24.87061608333333,0.0,298.15
759.0,86.25,1.0,98.72893319711085,17.890791783333334,84690.0,298.15
760.0,86.0,0.0,0.0,11.577878716666667,0.0,298.15
761.0,86.0,0.0,0.0,17.129106966666665,0.0,298.15
762.0,86.0,1.0,98.52643186562801,37.501885,269346.84000000596,298.15
763.0,86.0,1.0,98.45563499984486,27.706495416666662,0.0,298.15
764.0,86.0,1.0,98.38319214339444,20.301961366666664,122.0,298.15
765.0,86.0,1.0,98.30910467548429,30.294813833333336,280861.84000000596,298.15
766.0,85.75,1.0,98.23337400663301,23.96098483333333,0.0,298.15
767.0,85.0,1.0,98.15600157864338,27.74916783333333,1071.0,298.15
768.0,85.0,1.0,98.07698886457491,32.89726954545454,289730.08000000636,298.15
769.0,85.0,1.0,97.99633736871574,28.96488125,0.0,298.15
770.0,85.0,1.0,97.91404862655415,26.848837666666668,134895.0,298.15
771.0,85.0,1.0,97.83012420474914,10.850094508333331,0.0,298.15
772.0,85.0,0.0,0.0,18.1288262,1212.0,298.15
773.0,85.0,0.0,0.0,15.747913316666668,0.0,298.15
774.0,84.45454545454545,0.0,0.0,31.152773,0.0,298.15
775.0,84.0,0.0,0.0,19.005596666666666,0.0,298.15
776.0,84.0,0.0,0.0,13.447645425,104.0,298.15
777.0,84.0,0.0,0.0,10.869733536363636,8833.0,298.15
778.0,84.0,0.0,0.0,10.553337175,0.0,298.15
779.0,84.0,0.0,0.0,14.34332155,0.0,298.15
780.0,84.0,0.0,0.0,15.791498172727271,1818.0,298.15
781.0,84.0,0.0,0.0,6.80328235,0.0,298.15
782.0,84.0,0.0,0.0,11.938727058333336,4864.0,298.15
783.0,84.0,0.0,0.0,12.473205445454544,0.0,298.15
784.0,84.0,0.0,0.0,12.66222235,0.0,298.15
785.0,84.0,0.0,0.0,15.195281758333332,0.0,298.15
786.0,84.0,0.0,0.0,26.58013760833333,644.0,298.15
787.0,84.0,0.0,0.0,16.845244581818182,0.0,298.15
788.0,84.0,0.0,0.0,16.94068233333333,102153.0,298.15
789.0,84.0,0.0,0.0,8.68986815,0.0,298.15
790.0,84.0,0.0,0.0,8.559026254545454,0.0,298.15
791.0,84.0,0.0,0.0,16.327566166666667,52.0,298.15
792.0,84.0,0.0,0.0,10.515944075,52.0,298.15
793.0,84.0,0.0,0.0,8.52315445,4759.0,298.15
794.0,83.9090909090909,0.0,0.0,5.5947353818181815,0.0,298.15
795.0,83.0,0.0,0.0,8.329480025,0.0,298.15
796.0,83.0,0.0,0.0,14.813071483333331,937.0,298.15
797.0,83.0,0.0,0.0,13.062918875,881.0,298.15
798.0,83.0,0.0,0.0,6.595134072727273,0.0,298.15
799.0,83.0,0.0,0.0,10.76132225,0.0,298.15
800.0,83.0,0.0,0.0,11.72456645,0.0,298.15
801.0,83.0,0.0,0.0,14.598402225,0.0,298.15
802.0,83.0,0.0,0.0,10.086188118181818,0.0,298.15
803.0,83.0,0.0,0.0,6.068087591666667,0.0,298.15
804.0,83.0,0.0,0.0,8.548627866666665,7003.0,298.15
805.0,83.0,0.0,0.0,11.65856395,0.0,298.15
806.0,83.0,0.0,0.0,5.983668609090909,0.0,298.15
807.0,83.0,0.0,0.0,6.7447165333333325,0.0,298.15
808.0,83.0,0.0,0.0,6.798168324999999,0.0,298.15
809.0,83.0,0.0,0.0,13.419020175,0.0,298.15
810.0,83.0,0.0,0.0,15.4778799,1324.0,298.15
811.0,83.0,0.0,0.0,5.9534817,1790.0,298.15
812.0,83.0,0.0,0.0,7.217364581818183,0.0,298.15
813.0,83.0,0.0,0.0,31.210339408333336,1818.0,298.15
814.0,83.0,1.0,92.70128654589092,18.770635775,0.0,298.15
815.0,83.0,0.0,0.0,14.974342433333334,4885.0,298.15
816.0,83.0,0.0,0.0,21.0381105,555.0,298.15
817.0,83.0,0.0,0.0,9.724240758333332,0.0,298.15
818.0,83.0,0.0,0.0,10.111385116666666,186.0,298.15
819.0,83.0,0.0,0.0,15.041286958333332,0.0,298.15
820.0,83.0,0.0,0.0,10.773685981818184,1890.0,298.15
821.0,82.58333333333333,0.0,0.0,9.191056975,0.0,298.15
822.0,82.0,0.0,0.0,8.734741145454546,0.0,298.15
823.0,82.0,0.0,0.0,6.5545458,0.0,298.15
824.0,82.0,0.0,0.0,21.96099166666667,7281.0,298.15
825.0,82.0,1.0,90.92480125487657,12.177294783333332,0.0,298.15
826.0,82.0,0.0,0.0,6.045981572727272,1359.0,298.15
827.0,82.0,0.0,0.0,21.338021075,1109.0,298.15
828.0,82.0,1.0,90.40857412857636,18.277630391666666,0.0,298.15
829.0,82.0,0.0,0.0,6.822316672727272,0.0,298.15
830.0,82.0,0.0,0.0,6.113389616666666,0.0,298.15
831.0,82.0,0.0,0.0,21.62251695833333,5070.0,298.15
832.0,82.0,0.0,0.0,18.68023591818182,0.0,298.15
833.0,82.0,0.0,0.0,18.01610828333333,0.0,298.15
834.0,82.0,0.0,0.0,12.965214158333334,0.0,298.15
835.0,82.0,0.0,0.0,16.755549391666666,83.0,298.15
836.0,82.0,0.0,0.0,14.705166754545456,4690.0,298.15
837.0,81.66666666666667,0.0,0.0,12.540130616666666,4258.0,298.15
838.0,81.0,0.0,0.0,11.865297075,0.0,298.15
839.0,81.0,0.0,0.0,5.499245808333334,0.0,298.15
840.0,81.0,0.0,0.0,11.210428536363638,0.0,298.15
841.0,81.0,0.0,0.0,13.384737916666666,0.0,298.15
842.0,81.0,0.0,0.0,17.591542191666665,0.0,298.15
843.0,81.0,0.0,0.0,5.502291933333333,0.0,298.15
844.0,81.0,0.0,0.0,7.123021918181819,1818.0,298.15
845.0,81.0,0.0,0.0,14.340127775,0.0,298.15
846.0,81.0,0.0,0.0,11.754816066666663,0.0,298.15
847.0,81.0,0.0,0.0,13.971729383333336,4805.0,298.15
848.0,81.0,0.0,0.0,18.59708901818182,380.0,298.15
849.0,81.0,0.0,0.0,2.7072251250000003,0.0,298.15
850.0,81.0,0.0,0.0,6.31561145,0.0,298.15
851.0,81.0,0.0,0.0,13.77515231818182,1818.0,298.15
852.0,81.0,0.0,0.0,6.735162691666666,0.0,298.15
853.0,81.0,0.0,0.0,11.44597215,0.0,298.15
854.0,81.0,0.0,0.0,8.300567545454546,1023.0,298.15
855.0,81.0,0.0,0.0,26.06384702727273,0.0,298.15
856.0,81.0,0.0,0.0,9.3277277,0.0,298.15
857.0,81.0,0.0,0.0,2.9226268416666668,0.0,298.15
858.0,81.0,0.0,0.0,4.9569217666666665,0.0,298.15
859.0,81.0,0.0,0.0,16.716744645454547,7507.0,298.15
860.0,81.0,0.0,0.0,21.88415235,38538.0,298.15
861.0,81.0,1.0,83.86445685422775,18.95073591818182,0.0,298.15
862.0,80.41666666666667,0.0,0.0,12.582452108333332,0.0,298.15
863.0,80.0,0.0,0.0,3.49724545,0.0,298.15
864.0,80.0,0.0,0.0,10.882557527272724,0.0,298.15
865.0,80.0,0.0,0.0,14.911482174999998,0.0,298.15
866.0,80.0,0.0,0.0,16.6200115,0.0,298.15
867.0,80.0,0.0,0.0,6.2486154916666665,1818.0,298.15
868.0,80.0,0.0,0.0,8.233477991666666,0.0,298.15
869.0,80.0,0.0,0.0,7.316382254545454,0.0,298.15
870.0,80.0,0.0,0.0,17.579967041666666,4104.0,298.15
871.0,80.0,0.0,0.0,15.789310591666668,0.0,298.15
872.0,80.0,0.0,0.0,10.487664881818182,0.0,298.15
873.0,80.0,0.0,0.0,6.699580558333333,0.0,298.15
874.0,80.0,0.0,0.0,11.433415766666664,3181.0,298.15
875.0,80.0,0.0,0.0,18.003543133333334,64.0,298.15
876.0,80.0,0.0,0.0,6.4777561,0.0,298.15
877.0,80.0,0.0,0.0,7.062293991666667,0.0,298.15
878.0,80.0,0.0,0.0,16.148550116666666,0.0,298.15
879.0,80.0,0.0,0.0,15.49718800909091,0.0,298.15
880.0,80.0,0.0,0.0,13.070479883333334,0.0,298.15
881.0,80.0,0.0,0.0,17.563912408333334,5185.0,298.15
882.0,80.0,0.0,0.0,8.658971983333332,0.0,298.15
883.0,80.0,0.0,0.0,22.56223090909091,1818.0,298.15
884.0,80.0,0.0,0.0,9.023959933333334,757.0,298.15
885.0,80.0,0.0,0.0,4.377151558333334,0.0,298.15
886.0,80.0,0.0,0.0,21.974322391666664,0.0,298.15
887.0,80.0,0.0,0.0,13.6576233,0.0,298.15
888.0,80.0,0.0,0.0,20.021958041666668,0.0,298.15
889.0,80.0,0.0,0.0,12.355241508333334,0.0,298.15
890.0,79.08333333333333,0.0,0.0,15.309119666666668,1818.0,298.15
891.0,79.0,0.0,0.0,8.12596200909091,0.0,298.15
892.0,79.0,0.0,0.0,17.94940995,6606.0,298.15
893.0,79.0,0.0,0.0,15.626013741666666,0.0,298.15
894.0,79.0,0.0,0.0,14.824221416666669,378.0,298.15
895.0,79.0,0.0,0.0,8.4972907,0.0,298.15
896.0,79.0,0.0,0.0,7.311352558333333,0.0,298.15
897.0,79.0,0.0,0.0,15.806453575,0.0,298.15
898.0,79.0,0.0,0.0,16.589272966666666,900.0,298.15
899.0,79.0,0.0,0.0,9.202111654545456,0.0,298.15
900.0,79.0,0.0,0.0,9.0066118,0.0,298.15
901.0,79.0,0.0,0.0,13.811850008333332,0.0,298.15
902.0,79.0,0.0,0.0,18.159397891666668,5185.0,298.15
903.0,79.0,0.0,0.0,5.71846729090909,0.0,298.15
904.0,79.0,0.0,0.0,11.689609191666667,0.0,298.15
905.0,79.0,0.0,0.0,19.517970491666667,0.0,298.15
906.0,79.0,0.0,0.0,20.23466447272727,398.0,298.15
907.0,79.0,0.0,0.0,14.324594981818183,0.0,298.15
908.0,79.0,0.0,0.0,13.3213703,0.0,298.15
909.0,79.0,0.0,0.0,4.564548691666666,0.0,298.15
910.0,79.0,0.0,0.0,17.454906327272724,0.0,298.15
911.0,79.0,0.0,0.0,13.6672658,0.0,298.15
912.0,79.0,0.0,0.0,13.16001985,0.0,298.15
913.0,78.75,0.0,0.0,7.294202891666667,450.0,298.15
914.0,78.0,0.0,0.0,2.749285625,1368.0,298.15
915.0,78.0,0.0,0.0,12.961561218181815,0.0,298.15
916.0,78.0,0.0,0.0,17.940881708333333,0.0,298.15
917.0,78.0,0.0,0.0,11.377295333333334,156.0,298.15
918.0,78.0,0.0,0.0,14.195825216666668,0.0,298.15
919.0,78.0,0.0,0.0,16.366956027272725,0.0,298.15
920.0,78.0,0.0,0.0,7.825737036363637,1870.0,298.15
921.0,78.0,0.0,0.0,14.285529883333332,19870.0,298.15
922.0,78.0,0.0,0.0,14.331687808333331,0.0,298.15
923.0,78.0,0.0,0.0,10.415608154545454,0.0,298.15
924.0,78.0,0.0,0.0,7.783863641666667,0.0,298.15
925.0,78.0,0.0,0.0,8.00098425,5185.0,298.15
926.0,78.0,0.0,0.0,10.330007591666666,0.0,298.15
927.0,78.0,0.0,0.0,20.227066763636365,2634.0,298.15
928.0,78.0,0.0,0.0,8.864955024999999,0.0,298.15
929.0,78.0,0.0,0.0,16.501987250000003,816.0,298.15
930.0,77.91666666666667,0.0,0.0,17.032422166666667,0.0,298.15
931.0,77.0,0.0,0.0,19.62312167272728,0.0,298.15
932.0,77.0,0.0,0.0,9.86355135,0.0,298.15
933.0,77.0,0.0,0.0,10.228558833333333,0.0,298.15
934.0,77.0,0.0,0.0,12.626293858333334,0.0,298.15
935.0,77.0,0.0,0.0,17.31575351818182,0.0,298.15
936.0,77.0,0.0,0.0,12.228890591666667,7099.0,298.15
937.0,77.0,0.0,0.0,8.648287583333333,0.0,298.15
938.0,77.0,0.0,0.0,9.5640594,0.0,298.15
939.0,77.0,0.0,0.0,13.681167391666667,0.0,298.15
940.0,77.0,0.0,0.0,12.10732635,0.0,298.15
941.0,77.0,0.0,0.0,9.514454483333331,0.0,298.15
942.0,77.0,0.0,0.0,4.384467372727273,816.0,298.15
943.0,77.0,0.0,0.0,11.832768508333332,1818.0,298.15
944.0,77.0,0.0,0.0,15.575864333333334,0.0,298.15
945.0,77.0,0.0,0.0,11.257888516666666,0.0,298.15
946.0,77.0,0.0,0.0,8.625175572727272,0.0,298.15
947.0,77.0,0.0,0.0,6.387944016666666,4909.0,298.15
948.0,77.0,0.0,0.0,10.571202358333332,0.0,298.15
949.0,77.0,0.0,0.0,23.263289241666666,0.0,298.15
950.0,76.0,0.0,0.0,4.338011000000001,2175.0,298.15
951.0,76.0,0.0,0.0,6.869252199999999,459.0,298.15
952.0,76.0,0.0,0.0,16.665508041666666,0.0,298.15
953.0,76.0,0.0,0.0,14.237626308333333,104.0,298.15
954.0,76.0,0.0,0.0,12.100857172727274,0.0,298.15
955.0,76.0,0.0,0.0,17.390362691666667,7047.0,298.15
956.0,76.0,0.0,0.0,11.560193066666663,0.0,298.15
957.0,76.0,0.0,0.0,13.211739927272726,397.0,298.15
958.0,76.0,0.0,0.0,9.938250908333332,4685.0,298.15
959.0,76.0,0.0,0.0,13.974658541666669,116.0,298.15
960.0,76.0,0.0,0.0,8.482422908333334,1590.0,298.15
961.0,76.0,0.0,0.0,17.01767797272727,0.0,298.15
962.0,76.0,0.0,0.0,18.54150830833333,0.0,298.15
963.0,76.0,0.0,0.0,6.331706125,0.0,298.15
964.0,76.0,0.0,0.0,8.241798254545456,0.0,298.15
965.0,76.0,0.0,0.0,18.1330988,0.0,298.15
966.0,76.0,0.0,0.0,18.187541141666667,0.0,298.15
967.0,75.66666666666667,0.0,0.0,11.217537758333334,0.0,298.15
968.0,75.0,0.0,0.0,11.4568033,1878.0,298.15
969.0,75.0,0.0,0.0,14.934978241666668,5941.0,298.15
970.0,75.0,0.0,0.0,23.608841241666667,0.0,298.15
971.0,75.0,0.0,0.0,10.632985866666669,0.0,298.15
972.0,75.0,0.0,0.0,11.662399118181815,0.0,298.15
973.0,75.0,0.0,0.0,7.953188508333334,0.0,298.15
974.0,75.0,0.0,0.0,15.0442562,52.0,298.15
975.0,75.0,0.0,0.0,8.645224418181819,2582.0,298.15
976.0,75.0,0.0,0.0,7.236317791666667,684.0,298.15
977.0,75.0,0.0,0.0,9.074493175,41296.240000000405,298.15
978.0,75.0,0.0,0.0,19.5624646,0.0,298.15
979.0,75.0,0.0,0.0,17.270354883333333,0.0,298.15
980.0,75.0,0.0,0.0,26.32566083333333,1750.0,298.15
981.0,75.0,1.0,48.84205690329366,30.651811222222225,0.0,298.15
982.0,74.33333333333333,0.0,0.0,12.356994791666663,10005.0,298.15
983.0,74.0,0.0,0.0,27.86607401,0.0,298.15
984.0,74.0,0.0,0.0,16.558939000000002,20209.0,298.15
985.0,74.0,0.0,0.0,19.31114708333333,0.0,298.15
986.0,74.0,0.0,0.0,15.214370445454543,0.0,298.15
987.0,74.0,0.0,0.0,7.344537216666666,17888.0,298.15
988.0,74.0,0.0,0.0,11.005652291666664,0.0,298.15
989.0,74.0,0.0,0.0,8.668408236363636,0.0,298.15
990.0,73.22222222222223,0.0,0.0,23.6966792,2305.0,298.15
991.0,73.0,0.0,0.0,15.318595109090907,0.0,298.15
992.0,73.0,0.0,0.0,27.44875411111112,1470.0,298.15
993.0,73.0,0.0,0.0,11.502113681818182,11177.0,298.15
994.0,73.0,0.0,0.0,12.663600025,0.0,298.15
995.0,73.0,0.0,0.0,4.291645233333333,8942.0,298.15
996.0,73.0,0.0,0.0,16.074939336363638,0.0,298.15
997.0,73.0,0.0,0.0,9.8799366,0.0,298.15
998.0,73.0,0.0,0.0,15.269393733333333,0.0,298.15
999.0,73.0,0.0,0.0,4.9215492916666665,0.0,298.15
1000.0,73.0,0.0,0.0,10.392938363636365,1818.0,298.15
1001.0,73.0,0.0,0.0,13.115406891666666,28.0,298.15
1002.0,73.0,0.0,0.0,6.655425741666666,5157.0,298.15
1003.0,73.0,0.0,0.0,4.337548358333334,0.0,298.15
1004.0,73.0,0.0,0.0,9.9603746,0.0,298.15
1005.0,73.0,0.0,0.0,21.040903866666667,0.0,298.15
1006.0,72.75,0.0,0.0,19.03684924166667,0.0,298.15
1007.0,72.0,0.0,0.0,12.283490081818185,11816.0,298.15
1008.0,72.0,0.0,0.0,10.882866558333331,0.0,298.15
1009.0,72.0,0.0,0.0,11.238593758333332,0.0,298.15
1010.0,72.0,0.0,0.0,14.545004533333334,28257.0,298.15
1011.0,72.0,1.0,38.09565859785025,42.16112236363636,0.0,298.15
1012.0,72.0,1.0,37.72871001560086,38.053001083333335,127003.2400000004,298.15
1013.0,71.33333333333333,1.0,37.36127159579988,34.65383516666667,0.0,298.15
1014.0,71.0,0.0,0.0,30.286925083333333,34252.0,298.15
1015.0,71.0,0.0,0.0,31.03763236363636,0.0,298.15
1016.0,71.0,0.0,0.0,26.603535583333336,0.0,298.15
1017.0,71.0,0.0,0.0,31.72085025,54049.0,298.15
1018.0,71.0,1.0,35.51697709488662,16.19272231818182,152730.0,298.15
1019.0,70.75,1.0,35.14674687230182,21.2498682375,0.0,298.15
1020.0,,1.0,34.776075969021846,,0.0,298.15
1021.0,,1.0,34.40497144208644,,0.0,298.15
1022.0,,1.0,34.03344035679088,,0.0,298.15
1023.0,,1.0,33.66148978655141,,0.0,298.15
1024.0,69.0,1.0,33.28912681277076,41.399364,2402.0,298.15
1025.0,69.0,1.0,32.91635852470322,46.12121027272728,1773.0,298.15
1026.0,69.0,1.0,32.54319201931969,21.067202708333333,0.0,298.15
1027.0,69.0,1.0,32.169634401172445,6.428579625,0.0,298.15
1028.0,69.0,1.0,31.79569278226014,21.30108305,0.0,298.15
1029.0,69.0,1.0,31.421374281892103,31.599671581818185,0.0,298.15
1030.0,69.0,1.0,31.046686026553044,17.5980199,0.0,298.15
1031.0,69.0,1.0,30.671635149767287,12.788412941666666,1818.0,298.15
1032.0,69.0,1.0,30.296228791962818,16.8008979,0.0,298.15
1033.0,69.0,1.0,29.920474100335642,12.325010266666666,0.0,298.15
1034.0,69.0,1.0,29.544378228713356,17.54042081818182,0.0,298.15
1035.0,69.0,1.0,29.16794833741932,23.717021141666667,5185.0,298.15
1036.0,68.25,0.0,0.0,11.121232891666669,0.0,298.15
1037.0,68.0,0.0,0.0,8.39048550909091,0.0,298.15
1038.0,68.0,0.0,0.0,14.431496458333337,488.0,298.15
1039.0,68.0,1.0,27.659032001698083,16.18704430833333,3264.0,298.15
1040.0,68.0,0.0,0.0,11.253019563636364,847.0,298.15
1041.0,68.0,0.0,0.0,9.062852241666668,0.0,298.15
1042.0,68.0,1.0,26.524189315739637,24.69479286666667,364.0,298.15
1043.0,68.0,0.0,0.0,23.58268789090909,117370.2400000004,298.15
1044.0,67.9090909090909,0.0,0.0,13.052308063636362,0.0,298.15
1045.0,67.0,0.0,0.0,17.195003808333336,0.0,298.15
1046.0,67.0,0.0,0.0,13.446010525,5185.0,298.15
1047.0,67.0,0.0,0.0,24.76773845833333,1212.0,298.15
1048.0,67.0,0.0,0.0,18.32726690909091,0.0,298.15
1049.0,67.0,0.0,0.0,14.783707,987.0,298.15
1050.0,67.0,0.0,0.0,12.020593258333331,0.0,298.15
1051.0,67.0,0.0,0.0,26.80033860833333,0.0,298.15
1052.0,66.45454545454545,1.0,22.724502219652983,33.553171763636364,719.0,298.15
1053.0,66.0,1.0,22.343290976289705,8.122744608333333,0.0,298.15
1054.0,66.0,0.0,0.0,9.640481575,0.0,298.15
1055.0,66.0,0.0,0.0,27.49643830909091,1818.0,298.15
1056.0,66.0,0.0,0.0,13.433761133333332,0.0,298.15
1057.0,66.0,0.0,0.0,11.8611502,5194.0,298.15
1058.0,66.0,0.0,0.0,10.494670658333334,1898.0,298.15
1059.0,66.0,0.0,0.0,12.60038761818182,0.0,298.15
1060.0,66.0,0.0,0.0,22.648016233333333,32.0,298.15
1061.0,66.0,0.0,0.0,11.716366541666666,0.0,298.15
1062.0,66.0,0.0,0.0,9.602982583333334,96.0,298.15
1063.0,66.0,0.0,0.0,11.158326,1722.0,298.15
1064.0,66.0,0.0,0.0,12.698724975,28.0,298.15
1065.0,66.0,0.0,0.0,37.6649591,96370.0,298.15
1066.0,65.85714285714286,1.0,17.372271479067432,40.264379857142856,0.0,298.15
1067.0,65.0,1.0,16.988965305577235,47.727272,289730.08000000636,298.15
1068.0,,1.0,16.605564149379095,,0.0,298.15
1069.0,65.0,1.0,16.22207530987825,88.68107,226396.2400000004,298.15
1070.0,65.0,1.0,15.838506088149575,53.809641,34296.240000000405,298.15
1071.0,64.33333333333333,1.0,15.454863786798029,,255433.84000000596,298.15
1072.0,,1.0,15.0711557098201,,0.0,298.15
1073.0,64.0,1.0,14.687389162464394,36.35885134,0.0,298.15
1074.0,64.0,1.0,14.303571451092822,19.894052041666665,0.0,298.15
1075.0,64.0,0.0,0.0,11.697038318181818,507.0,298.15
1076.0,64.0,0.0,0.0,12.70437715,0.0,298.15
1077.0,64.0,0.0,0.0,8.932637725,920.0,298.15
1078.0,64.0,0.0,0.0,8.202194891666666,0.0,298.15
1079.0,64.0,0.0,0.0,9.839010491666668,84.0,298.15
1080.0,64.0,0.0,0.0,16.86861649,0.0,298.15
1081.0,64.0,0.0,0.0,10.1172325,0.0,298.15
1082.0,64.0,0.0,0.0,9.501498483333334,0.0,298.15
1083.0,64.0,0.0,0.0,9.572581441666667,0.0,298.15
1084.0,64.0,0.0,0.0,15.843138636363635,52628.240000000405,298.15
1085.0,64.0,0.0,0.0,20.143093083333333,0.0,298.15
1086.0,64.0,0.0,0.0,6.80048915,0.0,298.15
1087.0,63.90909090909091,1.0,12.0,25.253134363636363,102784.0,298.15
1088.0,63.0,1.0,12.0,28.32732025,263795.84000000596,298.15
1089.0,63.0,1.0,12.0,25.50083216666667,265686.84000000596,298.15
1090.0,63.0,1.0,12.0,34.7770075,0.0,298.15
1091.0,63.0,1.0,12.0,34.591308363636365,0.0,298.15
1092.0,62.41666666666666,1.0,12.0,22.11507233333333,0.0,298.15
1093.0,62.0,1.0,12.0,27.013122225,283772.84000000596,298.15
1094.0,62.0,1.0,12.0,23.721065416666665,0.0,298.15
1095.0,62.0,0.0,0.0,16.717051350000002,69676.2400000004,298.15
1096.0,62.0,0.0,0.0,23.744595545454544,0.0,298.15
1097.0,62.0,1.0,12.0,22.0729545,0.0,298.15
1098.0,62.0,1.0,12.0,33.47866134166667,0.0,298.15
1099.0,62.0,0.0,0.0,16.802064333333334,0.0,298.15
1100.0,62.0,0.0,0.0,16.78161460833333,80.0,298.15
1101.0,62.0,0.0,0.0,15.750664445454545,0.0,298.15
1102.0,62.0,0.0,0.0,9.362128891666666,0.0,298.15
1103.0,62.0,0.0,0.0,5.2168083,0.0,298.15
1104.0,62.0,0.0,0.0,6.277666891666667,0.0,298.15
1105.0,62.0,0.0,0.0,17.981792390909092,0.0,298.15
1106.0,62.0,0.0,0.0,1.2097874333333334,0.0,298.15
1107.0,62.0,0.0,0.0,5.7547590333333325,0.0,298.15
1108.0,62.0,0.0,0.0,4.001497041666666,0.0,298.15
1109.0,62.0,0.0,0.0,16.808081445454544,0.0,298.15
1110.0,62.0,0.0,0.0,16.572042916666668,0.0,298.15
1111.0,62.0,0.0,0.0,3.957251258333333,0.0,298.15
1112.0,62.0,0.0,0.0,9.055742266666668,0.0,298.15
1113.0,62.0,0.0,0.0,8.305567400000001,2081.0,298.15
1114.0,62.0,0.0,0.0,13.777314925,0.0,298.15
1115.0,62.0,0.0,0.0,6.306291716666666,0.0,298.15
1116.0,62.0,0.0,0.0,8.821484091666667,0.0,298.15
1117.0,62.0,0.0,0.0,2.319693918181818,0.0,298.15
1118.0,61.5,0.0,0.0,21.15670121666667,52.0,298.15
1119.0,61.0,0.0,0.0,7.390988833333332,0.0,298.15
1120.0,61.0,0.0,0.0,7.53790275,0.0,298.15
1121.0,61.0,0.0,0.0,6.585605590909091,0.0,298.15
1122.0,61.0,0.0,0.0,15.221152875,0.0,298.15
1123.0,61.0,0.0,0.0,19.194369316666663,0.0,298.15
1124.0,61.0,0.0,0.0,7.620861866666666,0.0,298.15
1125.0,61.0,0.0,0.0,6.915204754545454,844.0,298.15
1126.0,61.0,0.0,0.0,10.958752958333337,0.0,298.15
1127.0,61.0,0.0,0.0,16.428250825000003,28.0,298.15
1128.0,61.0,0.0,0.0,19.0050589,0.0,298.15
1129.0,61.0,0.0,0.0,5.737972358333334,0.0,298.15
1130.0,61.0,0.0,0.0,11.351671416666669,0.0,298.15
1131.0,61.0,0.0,0.0,8.27126585,0.0,298.15
1132.0,61.0,0.0,0.0,10.905867372727274,0.0,298.15
1133.0,61.0,0.0,0.0,9.241498058333333,0.0,298.15
1134.0,61.0,0.0,0.0,2.5713905666666665,0.0,298.15
1135.0,61.0,0.0,0.0,13.544658708333332,0.0,298.15
1136.0,61.0,0.0,0.0,19.363103709090908,83.0,298.15
1137.0,61.0,0.0,0.0,13.91529,0.0,298.15
1138.0,61.0,0.0,0.0,12.19302295,0.0,298.15
1139.0,61.0,0.0,0.0,11.285766733333332,0.0,298.15
1140.0,61.0,0.0,0.0,4.483799054545455,0.0,298.15
1141.0,61.0,0.0,0.0,14.3979421,0.0,298.15
1142.0,61.0,0.0,0.0,13.969757116666663,0.0,298.15
1143.0,61.0,0.0,0.0,11.686787825,0.0,298.15
1144.0,61.0,0.0,0.0,6.057483618181819,96.0,298.15
1145.0,61.0,0.0,0.0,11.267623899999998,0.0,298.15
1146.0,61.0,0.0,0.0,11.639996641666668,7495.0,298.15
1147.0,61.0,0.0,0.0,17.661484425,0.0,298.15
1148.0,61.0,0.0,0.0,7.465104258333334,844.0,298.15
1149.0,61.0,0.0,0.0,8.070157536363636,0.0,298.15
1150.0,61.0,0.0,0.0,14.200103258333334,5450.0,298.15
1151.0,61.0,0.0,0.0,15.494584366666666,0.0,298.15
1152.0,61.0,0.0,0.0,4.2998970666666665,0.0,298.15
1153.0,61.0,0.0,0.0,7.573144009090909,0.0,298.15
1154.0,61.0,0.0,0.0,3.3742737666666667,920.0,298.15
1155.0,61.0,0.0,0.0,8.501341483333333,0.0,298.15
1156.0,61.0,0.0,0.0,12.328062516666668,0.0,298.15
1157.0,60.45454545454545,0.0,0.0,6.191850818181819,0.0,298.15
1158.0,60.0,0.0,0.0,4.0800650166666665,0.0,298.15
1159.0,60.0,0.0,0.0,6.655665416666667,0.0,298.15
1160.0,60.0,0.0,0.0,13.314881016666668,0.0,298.15
1161.0,60.0,0.0,0.0,12.20947079090909,0.0,298.15
1162.0,60.0,0.0,0.0,6.3128241,0.0,298.15
1163.0,60.0,0.0,0.0,8.73581825,0.0,298.15
1164.0,60.0,0.0,0.0,11.23483635,0.0,298.15
1165.0,60.0,0.0,0.0,16.45752749090909,0.0,298.15
1166.0,60.0,0.0,0.0,4.910618966666667,0.0,298.15
1167.0,60.0,0.0,0.0,1.523339625,96.0,298.15
1168.0,60.0,0.0,0.0,8.411260154545454,0.0,298.15
1169.0,60.0,0.0,0.0,13.926344890909093,0.0,298.15
1170.0,60.0,0.0,0.0,15.164683116666666,0.0,298.15
1171.0,60.0,0.0,0.0,8.027909466666667,0.0,298.15
1172.0,60.0,0.0,0.0,4.3801687750000005,0.0,298.15
1173.0,60.0,0.0,0.0,3.285984875,0.0,298.15
1174.0,60.0,0.0,0.0,8.673997054545454,0.0,298.15
1175.0,60.0,0.0,0.0,11.647911758333334,0.0,298.15
1176.0,60.0,0.0,0.0,4.859611525,0.0,298.15
1177.0,60.0,0.0,0.0,9.306703883333334,0.0,298.15
1178.0,60.0,0.0,0.0,6.3388249181818175,0.0,298.15
1179.0,60.0,0.0,0.0,6.997576941666666,0.0,298.15
1180.0,60.0,0.0,0.0,16.876884091666668,0.0,298.15
1181.0,60.0,0.0,0.0,12.779058183333332,0.0,298.15
1182.0,60.0,0.0,0.0,13.419317618181816,0.0,298.15
1183.0,60.0,0.0,0.0,2.2246193166666663,0.0,298.15
1184.0,60.0,0.0,0.0,10.347227308333332,0.0,298.15
1185.0,59.583333333333336,0.0,0.0,13.872258741666665,0.0,298.15
1186.0,59.0,0.0,0.0,12.913691963636364,96.0,298.15
1187.0,59.0,0.0,0.0,7.626156541666667,0.0,298.15
1188.0,59.0,0.0,0.0,12.624574333333332,96.0,298.15
1189.0,59.0,0.0,0.0,17.399002133333333,289730.08000000636,298.15
1190.0,59.0,0.0,0.0,14.649490063636364,0.0,298.15
1191.0,59.0,0.0,0.0,6.319143916666666,0.0,298.15
1192.0,59.0,0.0,0.0,5.706736374999999,0.0,298.15
1193.0,59.0,0.0,0.0,9.165464233333331,0.0,298.15
1194.0,59.0,1.0,12.0,32.2089626,0.0,298.15
1195.0,59.0,1.0,12.0,28.166379666666668,2993.0,298.15
1196.0,59.0,1.0,12.0,23.08443085,0.0,298.15
1197.0,58.18181818181818,0.0,0.0,12.8903896,816.0,298.15
1198.0,58.0,0.0,0.0,13.6918691,0.0,298.15
1199.0,58.0,0.0,0.0,8.219414483333333,0.0,298.15
1200.0,58.0,0.0,0.0,3.86836725,0.0,298.15
1201.0,58.0,0.0,0.0,5.864481145454545,0.0,298.15
1202.0,58.0,0.0,0.0,12.402156683333333,0.0,298.15
1203.0,58.0,0.0,0.0,20.120407325,0.0,298.15
1204.0,58.0,0.0,0.0,5.7493048416666666,0.0,298.15
1205.0,58.0,0.0,0.0,2.5511696,0.0,298.15
1206.0,58.0,0.0,0.0,11.884004581818182,0.0,298.15
1207.0,58.0,0.0,0.0,15.80194755,0.0,298.15
1208.0,58.0,0.0,0.0,14.159356866666668,27375.0,298.15
1209.0,58.0,0.0,0.0,3.971041590909091,0.0,298.15
1210.0,58.0,0.0,0.0,10.043903275,0.0,298.15
1211.0,58.0,0.0,0.0,17.74492035,28.0,298.15
1212.0,58.0,0.0,0.0,20.682608183333333,892.0,298.15
1213.0,58.0,0.0,0.0,11.370045383333334,0.0,298.15
1214.0,58.0,0.0,0.0,7.087404390909091,0.0,298.15
1215.0,58.0,0.0,0.0,3.9007228333333335,0.0,298.15
1216.0,58.0,0.0,0.0,8.53667615,0.0,298.15
1217.0,57.833333333333336,0.0,0.0,19.296544466666667,0.0,298.15
1218.0,57.0,0.0,0.0,8.836907581818183,0.0,298.15
1219.0,57.0,0.0,0.0,7.839904958333332,0.0,298.15
1220.0,57.0,0.0,0.0,10.706201633333334,0.0,298.15
1221.0,57.0,0.0,0.0,11.902125883333332,0.0,298.15
1222.0,57.0,0.0,0.0,9.63288729090909,0.0,298.15
1223.0,57.0,0.0,0.0,7.8804213416666675,0.0,298.15
1224.0,57.0,0.0,0.0,4.87502015,0.0,298.15
1225.0,57.0,0.0,0.0,9.494148572727273,0.0,298.15
1226.0,57.0,0.0,0.0,12.0738584,0.0,298.15
1227.0,57.0,0.0,0.0,13.449747725,0.0,298.15
1228.0,57.0,0.0,0.0,9.180446333333334,0.0,298.15
1229.0,57.0,0.0,0.0,17.394826145454545,0.0,298.15
1230.0,57.0,0.0,0.0,7.71017695,124.0,298.15
1231.0,57.0,0.0,0.0,12.241932416666666,0.0,298.15
1232.0,57.0,0.0,0.0,11.774441283333331,940.0,298.15
1233.0,57.0,0.0,0.0,5.1576982454545455,0.0,298.15
1234.0,57.0,0.0,0.0,5.106664325,0.0,298.15
1235.0,57.0,0.0,0.0,11.709218458333334,0.0,298.15
1236.0,57.0,0.0,0.0,10.70118601818182,0.0,298.15
1237.0,57.0,0.0,0.0,16.991534772727274,0.0,298.15
1238.0,57.0,0.0,0.0,11.270009508333333,0.0,298.15
1239.0,57.0,0.0,0.0,3.8743849833333335,0.0,298.15
1240.0,57.0,0.0,0.0,6.598924066666666,0.0,298.15
1241.0,57.0,0.0,0.0,16.940838063636363,0.0,298.15
1242.0,56.5,0.0,0.0,8.695249108333334,0.0,298.15
1243.0,56.0,0.0,0.0,9.491540275,0.0,298.15
1244.0,56.0,0.0,0.0,6.78757955,0.0,298.15
1245.0,56.0,0.0,0.0,7.396858254545455,0.0,298.15
1246.0,56.0,0.0,0.0,19.28061071666667,0.0,298.15
1247.0,56.0,0.0,0.0,14.893949241666666,0.0,298.15
1248.0,56.0,0.0,0.0,4.774853208333333,0.0,298.15
1249.0,56.0,0.0,0.0,7.749915372727273,0.0,298.15
1250.0,56.0,0.0,0.0,31.270905658333334,238.0,298.15
1251.0,56.0,1.0,12.0,31.436300627272725,96.0,298.15
1252.0,56.0,1.0,12.0,17.035661508333334,564.0,298.15
1253.0,56.0,1.0,12.0,13.445550283333333,0.0,298.15
1254.0,56.0,0.0,0.0,11.127372254545454,0.0,298.15
1255.0,56.0,0.0,0.0,18.303379241666665,213.0,298.15
1256.0,56.0,0.0,0.0,5.49886385,24.0,298.15
1257.0,55.583333333333336,0.0,0.0,15.715659,0.0,298.15
1258.0,55.0,0.0,0.0,9.204421783333332,0.0,298.15
1259.0,55.0,0.0,0.0,22.8710564,239.0,298.15
1260.0,55.0,0.0,0.0,9.11345395,0.0,298.15
1261.0,55.0,0.0,0.0,8.061022625,0.0,298.15
1262.0,55.0,0.0,0.0,17.14226878181818,0.0,298.15
1263.0,55.0,0.0,0.0,11.290533416666667,0.0,298.15
1264.0,55.0,0.0,0.0,2.894175225,402.0,298.15
1265.0,55.0,0.0,0.0,16.433004999999998,0.0,298.15
1266.0,55.0,0.0,0.0,18.970226145454543,156.0,298.15
1267.0,55.0,0.0,0.0,18.577805533333333,0.0,298.15
1268.0,55.0,0.0,0.0,9.289944266666668,0.0,298.15
1269.0,55.0,0.0,0.0,10.510103091666666,0.0,298.15
1270.0,55.0,0.0,0.0,8.260229241666666,0.0,298.15
1271.0,55.0,0.0,0.0,15.564532236363636,0.0,298.15
1272.0,55.0,0.0,0.0,9.265617741666668,0.0,298.15
1273.0,55.0,0.0,0.0,15.218382975,0.0,298.15
1274.0,55.0,0.0,0.0,6.551751454545454,0.0,298.15
1275.0,55.0,0.0,0.0,16.161530983333332,0.0,298.15
1276.0,55.0,0.0,0.0,11.312796866666666,0.0,298.15
1277.0,55.0,0.0,0.0,7.689926008333334,0.0,298.15
1278.0,55.0,0.0,0.0,16.351550781818183,0.0,298.15
1279.0,55.0,0.0,0.0,12.920284058333335,0.0,298.15
1280.0,54.333333333333336,0.0,0.0,20.668847491666668,4023.0,298.15
1281.0,54.0,0.0,0.0,12.869797041666668,0.0,298.15
1282.0,54.0,0.0,0.0,6.766578836363636,0.0,298.15
1283.0,54.0,0.0,0.0,8.589498358333334,0.0,298.15
1284.0,54.0,0.0,0.0,12.493163333333332,0.0,298.15
1285.0,54.0,0.0,0.0,12.819805641666669,0.0,298.15
1286.0,54.0,0.0,0.0,12.071666063636364,0.0,298.15
1287.0,54.0,0.0,0.0,14.41530785,0.0,298.15
1288.0,54.0,0.0,0.0,6.6492417916666655,0.0,298.15
1289.0,54.0,0.0,0.0,12.343809316666666,0.0,298.15
1290.0,54.0,0.0,0.0,14.056620141666668,0.0,298.15
1291.0,54.0,0.0,0.0,9.397296,96.0,298.15
1292.0,54.0,0.0,0.0,14.371874125,0.0,298.15
1293.0,54.0,0.0,0.0,4.3704835,96.0,298.15
1294.0,54.0,0.0,0.0,9.507384275,0.0,298.15
1295.0,54.0,0.0,0.0,13.274579818181818,0.0,298.15
1296.0,54.0,0.0,0.0,21.5905977,0.0,298.15
1297.0,54.0,0.0,0.0,9.570896708333333,0.0,298.15
1298.0,54.0,0.0,0.0,8.978635872727274,0.0,298.15
1299.0,54.0,0.0,0.0,10.367244858333336,32.0,298.15
1300.0,53.91666666666666,0.0,0.0,16.721600841666667,0.0,298.15
1301.0,53.0,0.0,0.0,8.459354724999999,0.0,298.15
1302.0,53.0,0.0,0.0,11.123723127272727,0.0,298.15
1303.0,53.0,0.0,0.0,6.3251224666666666,0.0,298.15
1304.0,53.0,0.0,0.0,18.36221585,0.0,298.15
1305.0,53.0,0.0,0.0,18.689093733333333,8567.0,298.15
1306.0,53.0,0.0,0.0,2.980842258333333,0.0,298.15
1307.0,53.0,0.0,0.0,11.1915571,816.0,298.15
1308.0,53.0,0.0,0.0,11.789589649999998,0.0,298.15
1309.0,53.0,0.0,0.0,18.09396560833333,104.0,298.15
1310.0,53.0,0.0,0.0,9.658278354545454,0.0,298.15
1311.0,53.0,0.0,0.0,10.828186691666668,0.0,298.15
1312.0,53.0,0.0,0.0,9.700340925,96.0,298.15
1313.0,53.0,0.0,0.0,28.26876113636364,12104.0,298.15
1314.0,53.0,1.0,12.0,11.772700281818182,0.0,298.15
1315.0,53.0,0.0,0.0,18.642015091666668,0.0,298.15
1316.0,53.0,0.0,0.0,12.623065936363638,104.0,298.15
1317.0,52.083333333333336,0.0,0.0,15.993178966666669,106759.0,298.15
1318.0,52.0,0.0,0.0,5.538432466666666,0.0,298.15
1319.0,52.0,0.0,0.0,6.677954541666666,0.0,298.15
1320.0,52.0,0.0,0.0,13.497497027272727,0.0,298.15
1321.0,52.0,0.0,0.0,12.970678641666666,0.0,298.15
1322.0,52.0,0.0,0.0,5.697542091666667,0.0,298.15
1323.0,52.0,0.0,0.0,11.78606775,0.0,298.15
1324.0,52.0,0.0,0.0,8.2495009,0.0,298.15
1325.0,52.0,0.0,0.0,18.69218133333333,0.0,298.15
1326.0,52.0,0.0,0.0,13.38116095,0.0,298.15
1327.0,52.0,0.0,0.0,5.5369671,0.0,298.15
1328.0,52.0,0.0,0.0,17.17686005,0.0,298.15
1329.0,52.0,0.0,0.0,18.39648328333333,0.0,298.15
1330.0,52.0,0.0,0.0,16.176372625,0.0,298.15
1331.0,52.0,0.0,0.0,4.5051400416666665,0.0,298.15
1332.0,52.0,0.0,0.0,5.4545946,0.0,298.15
1333.0,52.0,0.0,0.0,10.997606758333331,0.0,298.15
1334.0,52.0,0.0,0.0,16.544411066666665,0.0,298.15
1335.0,51.63636363636363,0.0,0.0,11.075165963636364,844.0,298.15
1336.0,51.0,0.0,0.0,6.732250708333333,0.0,298.15
1337.0,51.0,0.0,0.0,10.848759766666667,28.0,298.15
1338.0,51.0,0.0,0.0,13.162283225,0.0,298.15
1339.0,51.0,0.0,0.0,15.372948200000002,0.0,298.15
1340.0,51.0,0.0,0.0,10.93424355,0.0,298.15
1341.0,51.0,0.0,0.0,6.506823025,3885.0,298.15
1342.0,51.0,0.0,0.0,8.686229508333334,0.0,298.15
1343.0,51.0,0.0,0.0,5.678182109090909,0.0,298.15
1344.0,51.0,0.0,0.0,11.944412758333334,0.0,298.15
1345.0,51.0,0.0,0.0,7.120144133333334,0.0,298.15
1346.0,51.0,0.0,0.0,3.901695075,0.0,298.15
1347.0,51.0,0.0,0.0,9.371904236363635,0.0,298.15
1348.0,51.0,0.0,0.0,11.243799691666666,0.0,298.15
1349.0,51.0,0.0,0.0,13.819265466666666,0.0,298.15
1350.0,51.0,0.0,0.0,4.481048016666667,0.0,298.15
1351.0,51.0,0.0,0.0,3.7625055818181816,0.0,298.15
1352.0,51.0,0.0,0.0,9.6121985,0.0,298.15
1353.0,51.0,0.0,0.0,15.829289533333332,0.0,298.15
1354.0,51.0,0.0,0.0,6.195571183333333,0.0,298.15
1355.0,51.0,0.0,0.0,10.911262881818182,0.0,298.15
1356.0,51.0,0.0,0.0,4.206121241666667,28.0,298.15
1357.0,51.0,0.0,0.0,18.249868941666666,0.0,298.15
1358.0,51.0,0.0,0.0,21.9007625,57673.0,298.15
1359.0,50.45454545454545,0.0,0.0,13.986459536363638,0.0,298.15
1360.0,50.0,0.0,0.0,9.631128358333331,0.0,298.15
1361.0,50.0,0.0,0.0,14.538141683333334,8070.0,298.15
1362.0,50.0,0.0,0.0,16.750059841666666,0.0,298.15
1363.0,50.0,0.0,0.0,8.6013049,0.0,298.15
1364.0,50.0,0.0,0.0,6.436763366666667,5175.0,298.15
1365.0,50.0,0.0,0.0,2.9909660166666665,0.0,298.15
1366.0,50.0,0.0,0.0,10.090892383333331,0.0,298.15
1367.0,50.0,0.0,0.0,17.769351645454545,0.0,298.15
1368.0,50.0,0.0,0.0,11.960731166666667,104.0,298.15
1369.0,50.0,0.0,0.0,8.218542083333334,0.0,298.15
1370.0,50.0,0.0,0.0,11.235238375,0.0,298.15
1371.0,50.0,0.0,0.0,11.237928445454546,0.0,298.15
1372.0,50.0,0.0,0.0,15.547916358333334,0.0,298.15
1373.0,50.0,0.0,0.0,14.356490883333334,0.0,298.15
1374.0,50.0,0.0,0.0,15.080463408333337,1478.0,298.15
1375.0,50.0,0.0,0.0,20.3764070625,0.0,298.15
1376.0,50.0,0.0,0.0,7.20186485,0.0,298.15
1377.0,50.0,0.0,0.0,11.00027865,0.0,298.15
1378.0,50.0,0.0,0.0,10.361105683333331,0.0,298.15
1379.0,50.0,0.0,0.0,18.785501654545456,132.0,298.15
1380.0,50.0,0.0,0.0,7.983709483333333,0.0,298.15
1381.0,50.0,0.0,0.0,4.34076505,0.0,298.15
1382.0,50.0,0.0,0.0,9.337638466666666,0.0,298.15
1383.0,50.0,0.0,0.0,18.93422319090909,0.0,298.15
1384.0,50.0,0.0,0.0,31.09873435,49861.0,298.15
1385.0,50.0,0.0,0.0,8.901958125,0.0,298.15
1386.0,49.25,0.0,0.0,3.143050183333333,0.0,298.15
1387.0,49.0,0.0,0.0,11.139804127272727,0.0,298.15
1388.0,49.0,0.0,0.0,11.83098205,40245.0,298.15
1389.0,49.0,0.0,0.0,15.028412183333336,0.0,298.15
1390.0,49.0,0.0,0.0,7.823631883333333,0.0,298.15
1391.0,49.0,0.0,0.0,3.312763609090909,0.0,298.15
1392.0,49.0,0.0,0.0,12.53107485,479.0,298.15
1393.0,49.0,0.0,0.0,18.93710585,0.0,298.15
1394.0,49.0,0.0,0.0,6.626076408333334,0.0,298.15
1395.0,49.0,0.0,0.0,4.324035449999999,0.0,298.15
1396.0,49.0,0.0,0.0,1.8787671727272728,0.0,298.15
1397.0,49.0,0.0,0.0,11.609112516666665,0.0,298.15
1398.0,49.0,0.0,0.0,16.65385265,0.0,298.15
1399.0,49.0,0.0,0.0,5.96417655,0.0,298.15
1400.0,49.0,0.0,0.0,7.139209790909091,0.0,298.15
1401.0,49.0,0.0,0.0,9.900017016666666,0.0,298.15
1402.0,49.0,0.0,0.0,12.588930016666666,0.0,298.15
1403.0,49.0,0.0,0.0,7.152924541666667,0.0,298.15
1404.0,49.0,0.0,0.0,13.93346831818182,0.0,298.15
1405.0,49.0,0.0,0.0,7.350620975,0.0,298.15
1406.0,49.0,0.0,0.0,11.4500954,0.0,298.15
1407.0,49.0,0.0,0.0,10.796048158333331,0.0,298.15
1408.0,49.0,0.0,0.0,5.003562175,0.0,298.15
1409.0,49.0,0.0,0.0,11.412299690909093,0.0,298.15
1410.0,48.41666666666666,0.0,0.0,23.639574258333337,0.0,298.15
1411.0,48.0,0.0,0.0,10.726152575,0.0,298.15
1412.0,48.0,0.0,0.0,11.895759058333333,0.0,298.15
1413.0,48.0,0.0,0.0,8.175325209090909,0.0,298.15
1414.0,48.0,0.0,0.0,10.860893341666667,0.0,298.15
1415.0,48.0,0.0,0.0,8.629623624999999,0.0,298.15
1416.0,48.0,0.0,0.0,3.64289345,0.0,298.15
1417.0,48.0,0.0,0.0,14.03189831818182,0.0,298.15
1418.0,48.0,0.0,0.0,15.302335875,0.0,298.15
1419.0,48.0,0.0,0.0,9.62301745,0.0,298.15
1420.0,48.0,0.0,0.0,14.622318141666668,0.0,298.15
1421.0,48.0,0.0,0.0,15.014573263636365,0.0,298.15
1422.0,48.0,0.0,0.0,13.235758425,0.0,298.15
1423.0,48.0,0.0,0.0,32.852689444444444,0.0,298.15
1424.0,48.083333333333336,0.0,0.0,26.68773725,0.0,298.15
1425.0,49.0,0.0,0.0,51.3009395,0.0,298.15
1426.0,49.0,0.0,0.0,83.56782,289730.08000000636,298.15
1427.0,50.0,0.0,0.0,34.73597766666666,0.0,298.15
1428.0,50.0,0.0,0.0,40.31779289166666,0.0,298.15
1429.0,50.833333333333336,0.0,0.0,11.029286091666668,0.0,298.15
1430.0,51.0,0.0,0.0,4.114899045454546,0.0,298.15
1431.0,52.0,0.0,0.0,4.045269466666666,0.0,298.15
1432.0,52.333333333333336,0.0,0.0,10.40029525,0.0,298.15
1433.0,53.0,0.0,0.0,8.016176408333333,0.0,298.15
1434.0,53.5,0.0,0.0,15.939216216666669,0.0,298.15
1435.0,54.0,0.0,0.0,27.489800885714285,0.0,298.15
1436.0,54.66666666666666,0.0,0.0,13.221731083333331,52.0,298.15
1437.0,55.0,0.0,0.0,5.024079791666667,0.0,298.15
1438.0,56.0,0.0,0.0,5.013518558333333,0.0,298.15
1439.0,56.0,0.0,0.0,10.336175758333331,0.0,298.15
